[
    {
        "pk": "1", 
        "model": "facebook_feeds.facebook_feed", 
        "fields": {
            "vendor_id": "423544607732681", 
            "requires_user_token": false, 
            "feed_type": "PP", 
            "persona": "1"
        }
    }, 
    {
        "pk": "2", 
        "model": "facebook_feeds.facebook_feed", 
        "fields": {
            "vendor_id": "237683826350051", 
            "requires_user_token": false, 
            "feed_type": "PP", 
            "persona": "2"
        }
    }, 
    {
        "pk": "3", 
        "model": "facebook_feeds.facebook_feed", 
        "fields": {
            "vendor_id": "34775063966", 
            "requires_user_token": false, 
            "feed_type": "PP", 
            "persona": "3"
        }
    }, 
    {
        "pk": "4", 
        "model": "facebook_feeds.facebook_feed", 
        "fields": {
            "vendor_id": "37665519437", 
            "requires_user_token": false, 
            "feed_type": "PP", 
            "persona": "4"
        }
    }, 
    {
        "pk": "5", 
        "model": "facebook_feeds.facebook_feed", 
        "fields": {
            "vendor_id": "112791015410812", 
            "requires_user_token": false, 
            "feed_type": "PP", 
            "persona": "5"
        }
    }, 
    {
        "pk": "6", 
        "model": "facebook_feeds.facebook_feed", 
        "fields": {
            "vendor_id": "118410851589072", 
            "requires_user_token": false, 
            "feed_type": "PP", 
            "persona": "6"
        }
    }, 
    {
        "pk": "7", 
        "model": "facebook_feeds.facebook_feed", 
        "fields": {
            "vendor_id": "335399036546914", 
            "requires_user_token": false, 
            "feed_type": "PP", 
            "persona": "7"
        }
    }, 
    {
        "pk": "8", 
        "model": "facebook_feeds.facebook_feed", 
        "fields": {
            "vendor_id": "230709873674802", 
            "requires_user_token": false, 
            "feed_type": "PP", 
            "persona": "8"
        }
    }, 
    {
        "pk": "9", 
        "model": "facebook_feeds.facebook_feed", 
        "fields": {
            "vendor_id": "128211737213526", 
            "requires_user_token": false, 
            "feed_type": "PP", 
            "persona": "9"
        }
    }, 
    {
        "pk": "10", 
        "model": "facebook_feeds.facebook_feed", 
        "fields": {
            "vendor_id": "213793465311034", 
            "requires_user_token": false, 
            "feed_type": "PP", 
            "persona": "10"
        }
    }, 
    {
        "pk": "11", 
        "model": "facebook_feeds.facebook_feed", 
        "fields": {
            "vendor_id": "285742004879697", 
            "requires_user_token": false, 
            "feed_type": "PP", 
            "persona": "11"
        }
    }, 
    {
        "pk": "12", 
        "model": "facebook_feeds.facebook_feed", 
        "fields": {
            "vendor_id": "161648040544835", 
            "requires_user_token": false, 
            "feed_type": "PP", 
            "persona": "12"
        }
    }, 
    {
        "pk": "13", 
        "model": "facebook_feeds.facebook_feed", 
        "fields": {
            "vendor_id": "294986783934161", 
            "requires_user_token": false, 
            "feed_type": "PP", 
            "persona": "13"
        }
    }, 
    {
        "pk": "14", 
        "model": "facebook_feeds.facebook_feed", 
        "fields": {
            "vendor_id": "107836625941364", 
            "requires_user_token": false, 
            "feed_type": "PP", 
            "persona": "14"
        }
    }, 
    {
        "pk": "15", 
        "model": "facebook_feeds.facebook_feed", 
        "fields": {
            "vendor_id": "310448006908", 
            "requires_user_token": false, 
            "feed_type": "PP", 
            "persona": "15"
        }
    }, 
    {
        "pk": "16", 
        "model": "facebook_feeds.facebook_feed", 
        "fields": {
            "vendor_id": "616484361701607", 
            "requires_user_token": false, 
            "feed_type": "PP", 
            "persona": "16"
        }
    }, 
    {
        "pk": "17", 
        "model": "facebook_feeds.facebook_feed", 
        "fields": {
            "vendor_id": "295104730523499", 
            "requires_user_token": false, 
            "feed_type": "PP", 
            "persona": "17"
        }
    }, 
    {
        "pk": "18", 
        "model": "facebook_feeds.facebook_feed", 
        "fields": {
            "vendor_id": "297207456997968", 
            "requires_user_token": false, 
            "feed_type": "PP", 
            "persona": "18"
        }
    }, 
    {
        "pk": "19", 
        "model": "facebook_feeds.facebook_feed", 
        "fields": {
            "vendor_id": "457794627605948", 
            "requires_user_token": false, 
            "feed_type": "PP", 
            "persona": "19"
        }
    }, 
    {
        "pk": "20", 
        "model": "facebook_feeds.facebook_feed", 
        "fields": {
            "vendor_id": "396697410351933", 
            "requires_user_token": false, 
            "feed_type": "PP", 
            "persona": "20"
        }
    }, 
    {
        "pk": "21", 
        "model": "facebook_feeds.facebook_feed", 
        "fields": {
            "vendor_id": "142479632494944", 
            "requires_user_token": false, 
            "feed_type": "PP", 
            "persona": "21"
        }
    }, 
    {
        "pk": "22", 
        "model": "facebook_feeds.facebook_feed", 
        "fields": {
            "vendor_id": "115028251920872", 
            "requires_user_token": false, 
            "feed_type": "PP", 
            "persona": "22"
        }
    }, 
    {
        "pk": "23", 
        "model": "facebook_feeds.facebook_feed", 
        "fields": {
            "vendor_id": "129931940492158", 
            "requires_user_token": true, 
            "feed_type": "PP", 
            "persona": "23"
        }
    }, 
    {
        "pk": "24", 
        "model": "facebook_feeds.facebook_feed", 
        "fields": {
            "vendor_id": "66398526339", 
            "requires_user_token": false, 
            "feed_type": "PP", 
            "persona": "24"
        }
    }, 
    {
        "pk": "25", 
        "model": "facebook_feeds.facebook_feed", 
        "fields": {
            "vendor_id": "371426819606751", 
            "requires_user_token": false, 
            "feed_type": "PP", 
            "persona": "25"
        }
    }, 
    {
        "pk": "26", 
        "model": "facebook_feeds.facebook_feed", 
        "fields": {
            "vendor_id": "174411199282819", 
            "requires_user_token": false, 
            "feed_type": "PP", 
            "persona": "26"
        }
    }, 
    {
        "pk": "27", 
        "model": "facebook_feeds.facebook_feed", 
        "fields": {
            "vendor_id": "336333819807014", 
            "requires_user_token": false, 
            "feed_type": "PP", 
            "persona": "27"
        }
    }, 
    {
        "pk": "28", 
        "model": "facebook_feeds.facebook_feed", 
        "fields": {
            "vendor_id": "432953930099972", 
            "requires_user_token": false, 
            "feed_type": "PP", 
            "persona": "28"
        }
    }, 
    {
        "pk": "29", 
        "model": "facebook_feeds.facebook_feed", 
        "fields": {
            "vendor_id": "612784452070209", 
            "requires_user_token": false, 
            "feed_type": "PP", 
            "persona": "29"
        }
    }, 
    {
        "pk": "30", 
        "model": "facebook_feeds.facebook_feed", 
        "fields": {
            "vendor_id": "268108602075", 
            "requires_user_token": false, 
            "feed_type": "PP", 
            "persona": "30"
        }
    }, 
    {
        "pk": "31", 
        "model": "facebook_feeds.facebook_feed", 
        "fields": {
            "vendor_id": "402936269773132", 
            "requires_user_token": false, 
            "feed_type": "PP", 
            "persona": "31"
        }
    }, 
    {
        "pk": "32", 
        "model": "facebook_feeds.facebook_feed", 
        "fields": {
            "vendor_id": "102997256411052", 
            "requires_user_token": false, 
            "feed_type": "PP", 
            "persona": "32"
        }
    }, 
    {
        "pk": "33", 
        "model": "facebook_feeds.facebook_feed", 
        "fields": {
            "vendor_id": "256097767800645", 
            "requires_user_token": false, 
            "feed_type": "PP", 
            "persona": "33"
        }
    }, 
    {
        "pk": "34", 
        "model": "facebook_feeds.facebook_feed", 
        "fields": {
            "vendor_id": "318718848205174", 
            "requires_user_token": false, 
            "feed_type": "PP", 
            "persona": "34"
        }
    }, 
    {
        "pk": "35", 
        "model": "facebook_feeds.facebook_feed", 
        "fields": {
            "vendor_id": "302282753147898", 
            "requires_user_token": false, 
            "feed_type": "PP", 
            "persona": "35"
        }
    }, 
    {
        "pk": "36", 
        "model": "facebook_feeds.facebook_feed", 
        "fields": {
            "vendor_id": "270537533068364", 
            "requires_user_token": false, 
            "feed_type": "PP", 
            "persona": "36"
        }
    }, 
    {
        "pk": "37", 
        "model": "facebook_feeds.facebook_feed", 
        "fields": {
            "vendor_id": "408819395854150", 
            "requires_user_token": false, 
            "feed_type": "PP", 
            "persona": "37"
        }
    }, 
    {
        "pk": "38", 
        "model": "facebook_feeds.facebook_feed", 
        "fields": {
            "vendor_id": "212884635505254", 
            "requires_user_token": false, 
            "feed_type": "PP", 
            "persona": "38"
        }
    }, 
    {
        "pk": "39", 
        "model": "facebook_feeds.facebook_feed", 
        "fields": {
            "vendor_id": "429433447128257", 
            "requires_user_token": false, 
            "feed_type": "PP", 
            "persona": "39"
        }
    }, 
    {
        "pk": "40", 
        "model": "facebook_feeds.facebook_feed", 
        "fields": {
            "vendor_id": "154570404606299", 
            "requires_user_token": false, 
            "feed_type": "PP", 
            "persona": "40"
        }
    }, 
    {
        "pk": "41", 
        "model": "facebook_feeds.facebook_feed", 
        "fields": {
            "vendor_id": "281431865311442", 
            "requires_user_token": false, 
            "feed_type": "PP", 
            "persona": "41"
        }
    }, 
    {
        "pk": "42", 
        "model": "facebook_feeds.facebook_feed", 
        "fields": {
            "vendor_id": "369855119713388", 
            "requires_user_token": false, 
            "feed_type": "PP", 
            "persona": "42"
        }
    }, 
    {
        "pk": "43", 
        "model": "facebook_feeds.facebook_feed", 
        "fields": {
            "vendor_id": "167657276622943", 
            "requires_user_token": false, 
            "feed_type": "PP", 
            "persona": "43"
        }
    }, 
    {
        "pk": "44", 
        "model": "facebook_feeds.facebook_feed", 
        "fields": {
            "vendor_id": "128834187134576", 
            "requires_user_token": false, 
            "feed_type": "PP", 
            "persona": "44"
        }
    }, 
    {
        "pk": "45", 
        "model": "facebook_feeds.facebook_feed", 
        "fields": {
            "vendor_id": "386001744772337", 
            "requires_user_token": false, 
            "feed_type": "PP", 
            "persona": "45"
        }
    }, 
    {
        "pk": "46", 
        "model": "facebook_feeds.facebook_feed", 
        "fields": {
            "vendor_id": "520086018021432", 
            "requires_user_token": false, 
            "feed_type": "PP", 
            "persona": "46"
        }
    }, 
    {
        "pk": "47", 
        "model": "facebook_feeds.facebook_feed", 
        "fields": {
            "vendor_id": "123439757700947", 
            "requires_user_token": false, 
            "feed_type": "PP", 
            "persona": "47"
        }
    }, 
    {
        "pk": "48", 
        "model": "facebook_feeds.facebook_feed", 
        "fields": {
            "vendor_id": "371855757456", 
            "requires_user_token": false, 
            "feed_type": "PP", 
            "persona": "48"
        }
    }, 
    {
        "pk": "49", 
        "model": "facebook_feeds.facebook_feed", 
        "fields": {
            "vendor_id": "156632191145120", 
            "requires_user_token": false, 
            "feed_type": "PP", 
            "persona": "49"
        }
    }, 
    {
        "pk": "50", 
        "model": "facebook_feeds.facebook_feed", 
        "fields": {
            "vendor_id": "207139259326193", 
            "requires_user_token": false, 
            "feed_type": "PP", 
            "persona": "50"
        }
    }, 
    {
        "pk": "51", 
        "model": "facebook_feeds.facebook_feed", 
        "fields": {
            "vendor_id": "162319074217", 
            "requires_user_token": false, 
            "feed_type": "PP", 
            "persona": "51"
        }
    }, 
    {
        "pk": "52", 
        "model": "facebook_feeds.facebook_feed", 
        "fields": {
            "vendor_id": "178433145502975", 
            "requires_user_token": false, 
            "feed_type": "PP", 
            "persona": "52"
        }
    }, 
    {
        "pk": "53", 
        "model": "facebook_feeds.facebook_feed", 
        "fields": {
            "vendor_id": "433095953410548", 
            "requires_user_token": false, 
            "feed_type": "PP", 
            "persona": "53"
        }
    }, 
    {
        "pk": "54", 
        "model": "facebook_feeds.facebook_feed", 
        "fields": {
            "vendor_id": "201172239926506", 
            "requires_user_token": false, 
            "feed_type": "PP", 
            "persona": "54"
        }
    }, 
    {
        "pk": "55", 
        "model": "facebook_feeds.facebook_feed", 
        "fields": {
            "vendor_id": "454865187905717", 
            "requires_user_token": false, 
            "feed_type": "PP", 
            "persona": "55"
        }
    }, 
    {
        "pk": "56", 
        "model": "facebook_feeds.facebook_feed", 
        "fields": {
            "vendor_id": "507647555954176", 
            "requires_user_token": false, 
            "feed_type": "PP", 
            "persona": "56"
        }
    }, 
    {
        "pk": "57", 
        "model": "facebook_feeds.facebook_feed", 
        "fields": {
            "vendor_id": "212853068767680", 
            "requires_user_token": false, 
            "feed_type": "PP", 
            "persona": "57"
        }
    }, 
    {
        "pk": "58", 
        "model": "facebook_feeds.facebook_feed", 
        "fields": {
            "vendor_id": "394242203948130", 
            "requires_user_token": false, 
            "feed_type": "PP", 
            "persona": "58"
        }
    }, 
    {
        "pk": "59", 
        "model": "facebook_feeds.facebook_feed", 
        "fields": {
            "vendor_id": "503855396298871", 
            "requires_user_token": false, 
            "feed_type": "PP", 
            "persona": "59"
        }
    }, 
    {
        "pk": "60", 
        "model": "facebook_feeds.facebook_feed", 
        "fields": {
            "vendor_id": "404314496289809", 
            "requires_user_token": false, 
            "feed_type": "PP", 
            "persona": "60"
        }
    }, 
    {
        "pk": "61", 
        "model": "facebook_feeds.facebook_feed", 
        "fields": {
            "vendor_id": "291524437542463", 
            "requires_user_token": false, 
            "feed_type": "PP", 
            "persona": "61"
        }
    }, 
    {
        "pk": "62", 
        "model": "facebook_feeds.facebook_feed", 
        "fields": {
            "vendor_id": "408265492578926", 
            "requires_user_token": false, 
            "feed_type": "PP", 
            "persona": "62"
        }
    }, 
    {
        "pk": "63", 
        "model": "facebook_feeds.facebook_feed", 
        "fields": {
            "vendor_id": "270198837993", 
            "requires_user_token": false, 
            "feed_type": "PP", 
            "persona": "63"
        }
    }, 
    {
        "pk": "64", 
        "model": "facebook_feeds.facebook_feed", 
        "fields": {
            "vendor_id": "127130297401833", 
            "requires_user_token": false, 
            "feed_type": "PP", 
            "persona": "64"
        }
    }, 
    {
        "pk": "66", 
        "model": "facebook_feeds.facebook_feed", 
        "fields": {
            "vendor_id": "100000237185239", 
            "requires_user_token": false, 
            "feed_type": "UP", 
            "persona": "66"
        }
    }, 
    {
        "pk": "68", 
        "model": "facebook_feeds.facebook_feed", 
        "fields": {
            "vendor_id": "508516607", 
            "requires_user_token": false, 
            "feed_type": "UP", 
            "persona": "68"
        }
    }, 
    {
        "pk": "69", 
        "model": "facebook_feeds.facebook_feed", 
        "fields": {
            "vendor_id": "574847197", 
            "requires_user_token": false, 
            "feed_type": "UP", 
            "persona": "69"
        }
    }, 
    {
        "pk": "70", 
        "model": "facebook_feeds.facebook_feed", 
        "fields": {
            "vendor_id": "1411524072449420", 
            "requires_user_token": true, 
            "feed_type": "PP", 
            "persona": "70"
        }
    }, 
    {
        "pk": "65", 
        "model": "facebook_feeds.facebook_feed", 
        "fields": {
            "vendor_id": "155726207778990", 
            "requires_user_token": false, 
            "feed_type": "PP", 
            "persona": "65"
        }
    }, 
    {
        "pk": "67", 
        "model": "facebook_feeds.facebook_feed", 
        "fields": {
            "vendor_id": "173196886046831", 
            "requires_user_token": false, 
            "feed_type": "PP", 
            "persona": "67"
        }
    }, 
    {
        "pk": "71", 
        "model": "facebook_feeds.facebook_feed", 
        "fields": {
            "vendor_id": "437496349633977", 
            "requires_user_token": false, 
            "feed_type": "PP", 
            "persona": "71"
        }
    }, 
    {
        "pk": "72", 
        "model": "facebook_feeds.facebook_feed", 
        "fields": {
            "vendor_id": "442386732471209", 
            "requires_user_token": false, 
            "feed_type": "PP", 
            "persona": "72"
        }
    }, 
    {
        "pk": "73", 
        "model": "facebook_feeds.facebook_feed", 
        "fields": {
            "vendor_id": "171840676187709", 
            "requires_user_token": false, 
            "feed_type": "PP", 
            "persona": "73"
        }
    }, 
    {
        "pk": "74", 
        "model": "facebook_feeds.facebook_feed", 
        "fields": {
            "vendor_id": "581740021875450", 
            "requires_user_token": false, 
            "feed_type": "PP", 
            "persona": "74"
        }
    }, 
    {
        "pk": "75", 
        "model": "facebook_feeds.facebook_feed", 
        "fields": {
            "vendor_id": "290348144398550", 
            "requires_user_token": false, 
            "feed_type": "PP", 
            "persona": "75"
        }
    }, 
    {
        "pk": "76", 
        "model": "facebook_feeds.facebook_feed", 
        "fields": {
            "vendor_id": "408249422571187", 
            "requires_user_token": false, 
            "feed_type": "PP", 
            "persona": "76"
        }
    }, 
    {
        "pk": "77", 
        "model": "facebook_feeds.facebook_feed", 
        "fields": {
            "vendor_id": "243941715737870", 
            "requires_user_token": false, 
            "feed_type": "PP", 
            "persona": "77"
        }
    }, 
    {
        "pk": "78", 
        "model": "facebook_feeds.facebook_feed", 
        "fields": {
            "vendor_id": "485996514776399", 
            "requires_user_token": false, 
            "feed_type": "PP", 
            "persona": "78"
        }
    }, 
    {
        "pk": "79", 
        "model": "facebook_feeds.facebook_feed", 
        "fields": {
            "vendor_id": "137409609701165", 
            "requires_user_token": false, 
            "feed_type": "PP", 
            "persona": "79"
        }
    }, 
    {
        "pk": "80", 
        "model": "facebook_feeds.facebook_feed", 
        "fields": {
            "vendor_id": "143037549058436", 
            "requires_user_token": false, 
            "feed_type": "PP", 
            "persona": "80"
        }
    }, 
    {
        "pk": "81", 
        "model": "facebook_feeds.facebook_feed", 
        "fields": {
            "vendor_id": "344375515658579", 
            "requires_user_token": false, 
            "feed_type": "PP", 
            "persona": "81"
        }
    }, 
    {
        "pk": "82", 
        "model": "facebook_feeds.facebook_feed", 
        "fields": {
            "vendor_id": "449192681816875", 
            "requires_user_token": false, 
            "feed_type": "PP", 
            "persona": "82"
        }
    }, 
    {
        "pk": "83", 
        "model": "facebook_feeds.facebook_feed", 
        "fields": {
            "vendor_id": "422665717788216", 
            "requires_user_token": true, 
            "feed_type": "PP", 
            "persona": "83"
        }
    }, 
    {
        "pk": "84", 
        "model": "facebook_feeds.facebook_feed", 
        "fields": {
            "vendor_id": "132157380175824", 
            "requires_user_token": false, 
            "feed_type": "PP", 
            "persona": "84"
        }
    }, 
    {
        "pk": "85", 
        "model": "facebook_feeds.facebook_feed", 
        "fields": {
            "vendor_id": "100006484366057", 
            "requires_user_token": false, 
            "feed_type": "UP", 
            "persona": "85"
        }
    }, 
    {
        "pk": "86", 
        "model": "facebook_feeds.facebook_feed", 
        "fields": {
            "vendor_id": "300710030028377", 
            "requires_user_token": false, 
            "feed_type": "PP", 
            "persona": "86"
        }
    }, 
    {
        "pk": "87", 
        "model": "facebook_feeds.facebook_feed", 
        "fields": {
            "vendor_id": "341448679281672", 
            "requires_user_token": false, 
            "feed_type": "PP", 
            "persona": "87"
        }
    }, 
    {
        "pk": "88", 
        "model": "facebook_feeds.facebook_feed", 
        "fields": {
            "vendor_id": "168317476568320", 
            "requires_user_token": false, 
            "feed_type": "PP", 
            "persona": "88"
        }
    }, 
    {
        "pk": "89", 
        "model": "facebook_feeds.facebook_feed", 
        "fields": {
            "vendor_id": "1441382008", 
            "requires_user_token": false, 
            "feed_type": "UP", 
            "persona": "89"
        }
    }, 
    {
        "pk": "90", 
        "model": "facebook_feeds.facebook_feed", 
        "fields": {
            "vendor_id": "617957021581571", 
            "requires_user_token": false, 
            "feed_type": "PP", 
            "persona": "90"
        }
    }, 
    {
        "pk": "91", 
        "model": "facebook_feeds.facebook_feed", 
        "fields": {
            "vendor_id": "320611771336201", 
            "requires_user_token": false, 
            "feed_type": "PP", 
            "persona": "91"
        }
    }, 
    {
        "pk": "92", 
        "model": "facebook_feeds.facebook_feed", 
        "fields": {
            "vendor_id": "404224689637000", 
            "requires_user_token": false, 
            "feed_type": "PP", 
            "persona": "92"
        }
    }, 
    {
        "pk": "93", 
        "model": "facebook_feeds.facebook_feed", 
        "fields": {
            "vendor_id": "430857016971866", 
            "requires_user_token": false, 
            "feed_type": "PP", 
            "persona": "93"
        }
    }, 
    {
        "pk": "94", 
        "model": "facebook_feeds.facebook_feed", 
        "fields": {
            "vendor_id": "377452172353770", 
            "requires_user_token": false, 
            "feed_type": "PP", 
            "persona": "94"
        }
    }, 
    {
        "pk": "95", 
        "model": "facebook_feeds.facebook_feed", 
        "fields": {
            "vendor_id": "438831352866459", 
            "requires_user_token": false, 
            "feed_type": "PP", 
            "persona": "95"
        }
    }, 
    {
        "pk": "96", 
        "model": "facebook_feeds.facebook_feed", 
        "fields": {
            "vendor_id": "399245190165586", 
            "requires_user_token": false, 
            "feed_type": "PP", 
            "persona": "96"
        }
    }, 
    {
        "pk": "97", 
        "model": "facebook_feeds.facebook_feed", 
        "fields": {
            "vendor_id": "547699061929908", 
            "requires_user_token": false, 
            "feed_type": "PP", 
            "persona": "97"
        }
    }, 
    {
        "pk": "98", 
        "model": "facebook_feeds.facebook_feed", 
        "fields": {
            "vendor_id": "284775634985944", 
            "requires_user_token": false, 
            "feed_type": "PP", 
            "persona": "98"
        }
    }, 
    {
        "pk": "99", 
        "model": "facebook_feeds.facebook_feed", 
        "fields": {
            "vendor_id": "100003905338146", 
            "requires_user_token": false, 
            "feed_type": "UP", 
            "persona": "99"
        }
    }, 
    {
        "pk": "100", 
        "model": "facebook_feeds.facebook_feed", 
        "fields": {
            "vendor_id": "140476896137364", 
            "requires_user_token": false, 
            "feed_type": "PP", 
            "persona": "100"
        }
    }, 
    {
        "pk": "101", 
        "model": "facebook_feeds.facebook_feed", 
        "fields": {
            "vendor_id": "102155496619137", 
            "requires_user_token": false, 
            "feed_type": "PP", 
            "persona": "101"
        }
    }, 
    {
        "pk": "102", 
        "model": "facebook_feeds.facebook_feed", 
        "fields": {
            "vendor_id": "169783729837746", 
            "requires_user_token": false, 
            "feed_type": "PP", 
            "persona": "102"
        }
    }, 
    {
        "pk": "103", 
        "model": "facebook_feeds.facebook_feed", 
        "fields": {
            "vendor_id": "364478330291286", 
            "requires_user_token": false, 
            "feed_type": "PP", 
            "persona": "103"
        }
    }, 
    {
        "pk": "104", 
        "model": "facebook_feeds.facebook_feed", 
        "fields": {
            "vendor_id": "208745552614504", 
            "requires_user_token": false, 
            "feed_type": "PP", 
            "persona": "104"
        }
    }, 
    {
        "pk": "105", 
        "model": "facebook_feeds.facebook_feed", 
        "fields": {
            "vendor_id": "381332725251346", 
            "requires_user_token": false, 
            "feed_type": "PP", 
            "persona": "105"
        }
    }, 
    {
        "pk": "52", 
        "model": "facebook_feeds.facebook_persona", 
        "fields": {
            "main_feed": "52", 
            "object_id": "214", 
            "content_type": [
                "mks", 
                "member"
            ]
        }
    }, 
    {
        "pk": "57", 
        "model": "facebook_feeds.facebook_persona", 
        "fields": {
            "main_feed": "57", 
            "object_id": "797", 
            "content_type": [
                "mks", 
                "member"
            ]
        }
    }, 
    {
        "pk": "15", 
        "model": "facebook_feeds.facebook_persona", 
        "fields": {
            "main_feed": "15", 
            "object_id": "830", 
            "content_type": [
                "mks", 
                "member"
            ]
        }
    }, 
    {
        "pk": "58", 
        "model": "facebook_feeds.facebook_persona", 
        "fields": {
            "main_feed": "58", 
            "object_id": "713", 
            "content_type": [
                "mks", 
                "member"
            ]
        }
    }, 
    {
        "pk": "29", 
        "model": "facebook_feeds.facebook_persona", 
        "fields": {
            "main_feed": "29", 
            "object_id": "832", 
            "content_type": [
                "mks", 
                "member"
            ]
        }
    }, 
    {
        "pk": "44", 
        "model": "facebook_feeds.facebook_persona", 
        "fields": {
            "main_feed": "44", 
            "object_id": "208", 
            "content_type": [
                "mks", 
                "member"
            ]
        }
    }, 
    {
        "pk": "2", 
        "model": "facebook_feeds.facebook_persona", 
        "fields": {
            "main_feed": "2", 
            "object_id": "904", 
            "content_type": [
                "mks", 
                "member"
            ]
        }
    }, 
    {
        "pk": "35", 
        "model": "facebook_feeds.facebook_persona", 
        "fields": {
            "main_feed": "35", 
            "object_id": "200", 
            "content_type": [
                "mks", 
                "member"
            ]
        }
    }, 
    {
        "pk": "60", 
        "model": "facebook_feeds.facebook_persona", 
        "fields": {
            "main_feed": "60", 
            "object_id": "901", 
            "content_type": [
                "mks", 
                "member"
            ]
        }
    }, 
    {
        "pk": "26", 
        "model": "facebook_feeds.facebook_persona", 
        "fields": {
            "main_feed": "26", 
            "object_id": "64", 
            "content_type": [
                "mks", 
                "member"
            ]
        }
    }, 
    {
        "pk": "37", 
        "model": "facebook_feeds.facebook_persona", 
        "fields": {
            "main_feed": "37", 
            "object_id": "899", 
            "content_type": [
                "mks", 
                "member"
            ]
        }
    }, 
    {
        "pk": "43", 
        "model": "facebook_feeds.facebook_persona", 
        "fields": {
            "main_feed": "43", 
            "object_id": "882", 
            "content_type": [
                "mks", 
                "member"
            ]
        }
    }, 
    {
        "pk": "63", 
        "model": "facebook_feeds.facebook_persona", 
        "fields": {
            "main_feed": "63", 
            "object_id": "791", 
            "content_type": [
                "mks", 
                "member"
            ]
        }
    }, 
    {
        "pk": "53", 
        "model": "facebook_feeds.facebook_persona", 
        "fields": {
            "main_feed": "53", 
            "object_id": "41", 
            "content_type": [
                "mks", 
                "member"
            ]
        }
    }, 
    {
        "pk": "55", 
        "model": "facebook_feeds.facebook_persona", 
        "fields": {
            "main_feed": "55", 
            "object_id": "867", 
            "content_type": [
                "mks", 
                "member"
            ]
        }
    }, 
    {
        "pk": "56", 
        "model": "facebook_feeds.facebook_persona", 
        "fields": {
            "main_feed": "56", 
            "object_id": "872", 
            "content_type": [
                "mks", 
                "member"
            ]
        }
    }, 
    {
        "pk": "30", 
        "model": "facebook_feeds.facebook_persona", 
        "fields": {
            "main_feed": "30", 
            "object_id": "90", 
            "content_type": [
                "mks", 
                "member"
            ]
        }
    }, 
    {
        "pk": "3", 
        "model": "facebook_feeds.facebook_persona", 
        "fields": {
            "main_feed": "3", 
            "object_id": "725", 
            "content_type": [
                "mks", 
                "member"
            ]
        }
    }, 
    {
        "pk": "21", 
        "model": "facebook_feeds.facebook_persona", 
        "fields": {
            "main_feed": "21", 
            "object_id": "723", 
            "content_type": [
                "mks", 
                "member"
            ]
        }
    }, 
    {
        "pk": "50", 
        "model": "facebook_feeds.facebook_persona", 
        "fields": {
            "main_feed": "50", 
            "object_id": "734", 
            "content_type": [
                "mks", 
                "member"
            ]
        }
    }, 
    {
        "pk": "17", 
        "model": "facebook_feeds.facebook_persona", 
        "fields": {
            "main_feed": "17", 
            "object_id": "780", 
            "content_type": [
                "mks", 
                "member"
            ]
        }
    }, 
    {
        "pk": "39", 
        "model": "facebook_feeds.facebook_persona", 
        "fields": {
            "main_feed": "39", 
            "object_id": "877", 
            "content_type": [
                "mks", 
                "member"
            ]
        }
    }, 
    {
        "pk": "1", 
        "model": "facebook_feeds.facebook_persona", 
        "fields": {
            "main_feed": "1", 
            "object_id": "890", 
            "content_type": [
                "mks", 
                "member"
            ]
        }
    }, 
    {
        "pk": "5", 
        "model": "facebook_feeds.facebook_persona", 
        "fields": {
            "main_feed": "5", 
            "object_id": "828", 
            "content_type": [
                "mks", 
                "member"
            ]
        }
    }, 
    {
        "pk": "22", 
        "model": "facebook_feeds.facebook_persona", 
        "fields": {
            "main_feed": "22", 
            "object_id": "201", 
            "content_type": [
                "mks", 
                "member"
            ]
        }
    }, 
    {
        "pk": "69", 
        "model": "facebook_feeds.facebook_persona", 
        "fields": {
            "main_feed": "69", 
            "object_id": "865", 
            "content_type": [
                "mks", 
                "member"
            ]
        }
    }, 
    {
        "pk": "64", 
        "model": "facebook_feeds.facebook_persona", 
        "fields": {
            "main_feed": "64", 
            "object_id": "846", 
            "content_type": [
                "mks", 
                "member"
            ]
        }
    }, 
    {
        "pk": "14", 
        "model": "facebook_feeds.facebook_persona", 
        "fields": {
            "main_feed": "14", 
            "object_id": "878", 
            "content_type": [
                "mks", 
                "member"
            ]
        }
    }, 
    {
        "pk": "38", 
        "model": "facebook_feeds.facebook_persona", 
        "fields": {
            "main_feed": "38", 
            "object_id": "902", 
            "content_type": [
                "mks", 
                "member"
            ]
        }
    }, 
    {
        "pk": "25", 
        "model": "facebook_feeds.facebook_persona", 
        "fields": {
            "main_feed": "25", 
            "object_id": "897", 
            "content_type": [
                "mks", 
                "member"
            ]
        }
    }, 
    {
        "pk": "48", 
        "model": "facebook_feeds.facebook_persona", 
        "fields": {
            "main_feed": "48", 
            "object_id": "1", 
            "content_type": [
                "mks", 
                "member"
            ]
        }
    }, 
    {
        "pk": "34", 
        "model": "facebook_feeds.facebook_persona", 
        "fields": {
            "main_feed": "34", 
            "object_id": "898", 
            "content_type": [
                "mks", 
                "member"
            ]
        }
    }, 
    {
        "pk": "59", 
        "model": "facebook_feeds.facebook_persona", 
        "fields": {
            "main_feed": "59", 
            "object_id": "868", 
            "content_type": [
                "mks", 
                "member"
            ]
        }
    }, 
    {
        "pk": "23", 
        "model": "facebook_feeds.facebook_persona", 
        "fields": {
            "main_feed": "23", 
            "object_id": "887", 
            "content_type": [
                "mks", 
                "member"
            ]
        }
    }, 
    {
        "pk": "36", 
        "model": "facebook_feeds.facebook_persona", 
        "fields": {
            "main_feed": "36", 
            "object_id": "894", 
            "content_type": [
                "mks", 
                "member"
            ]
        }
    }, 
    {
        "pk": "12", 
        "model": "facebook_feeds.facebook_persona", 
        "fields": {
            "main_feed": "12", 
            "object_id": "740", 
            "content_type": [
                "mks", 
                "member"
            ]
        }
    }, 
    {
        "pk": "70", 
        "model": "facebook_feeds.facebook_persona", 
        "fields": {
            "main_feed": "70", 
            "object_id": "781", 
            "content_type": [
                "mks", 
                "member"
            ]
        }
    }, 
    {
        "pk": "7", 
        "model": "facebook_feeds.facebook_persona", 
        "fields": {
            "main_feed": "7", 
            "object_id": "69", 
            "content_type": [
                "mks", 
                "member"
            ]
        }
    }, 
    {
        "pk": "28", 
        "model": "facebook_feeds.facebook_persona", 
        "fields": {
            "main_feed": "28", 
            "object_id": "874", 
            "content_type": [
                "mks", 
                "member"
            ]
        }
    }, 
    {
        "pk": "45", 
        "model": "facebook_feeds.facebook_persona", 
        "fields": {
            "main_feed": "45", 
            "object_id": "862", 
            "content_type": [
                "mks", 
                "member"
            ]
        }
    }, 
    {
        "pk": "42", 
        "model": "facebook_feeds.facebook_persona", 
        "fields": {
            "main_feed": "42", 
            "object_id": "876", 
            "content_type": [
                "mks", 
                "member"
            ]
        }
    }, 
    {
        "pk": "46", 
        "model": "facebook_feeds.facebook_persona", 
        "fields": {
            "main_feed": "46", 
            "object_id": "896", 
            "content_type": [
                "mks", 
                "member"
            ]
        }
    }, 
    {
        "pk": "6", 
        "model": "facebook_feeds.facebook_persona", 
        "fields": {
            "main_feed": "6", 
            "object_id": "831", 
            "content_type": [
                "mks", 
                "member"
            ]
        }
    }, 
    {
        "pk": "10", 
        "model": "facebook_feeds.facebook_persona", 
        "fields": {
            "main_feed": "10", 
            "object_id": "881", 
            "content_type": [
                "mks", 
                "member"
            ]
        }
    }, 
    {
        "pk": "8", 
        "model": "facebook_feeds.facebook_persona", 
        "fields": {
            "main_feed": "8", 
            "object_id": "885", 
            "content_type": [
                "mks", 
                "member"
            ]
        }
    }, 
    {
        "pk": "33", 
        "model": "facebook_feeds.facebook_persona", 
        "fields": {
            "main_feed": "33", 
            "object_id": "880", 
            "content_type": [
                "mks", 
                "member"
            ]
        }
    }, 
    {
        "pk": "61", 
        "model": "facebook_feeds.facebook_persona", 
        "fields": {
            "main_feed": "61", 
            "object_id": "818", 
            "content_type": [
                "mks", 
                "member"
            ]
        }
    }, 
    {
        "pk": "24", 
        "model": "facebook_feeds.facebook_persona", 
        "fields": {
            "main_feed": "24", 
            "object_id": "843", 
            "content_type": [
                "mks", 
                "member"
            ]
        }
    }, 
    {
        "pk": "20", 
        "model": "facebook_feeds.facebook_persona", 
        "fields": {
            "main_feed": "20", 
            "object_id": "864", 
            "content_type": [
                "mks", 
                "member"
            ]
        }
    }, 
    {
        "pk": "32", 
        "model": "facebook_feeds.facebook_persona", 
        "fields": {
            "main_feed": "32", 
            "object_id": "122", 
            "content_type": [
                "mks", 
                "member"
            ]
        }
    }, 
    {
        "pk": "68", 
        "model": "facebook_feeds.facebook_persona", 
        "fields": {
            "main_feed": "68", 
            "object_id": "903", 
            "content_type": [
                "mks", 
                "member"
            ]
        }
    }, 
    {
        "pk": "13", 
        "model": "facebook_feeds.facebook_persona", 
        "fields": {
            "main_feed": "13", 
            "object_id": "891", 
            "content_type": [
                "mks", 
                "member"
            ]
        }
    }, 
    {
        "pk": "11", 
        "model": "facebook_feeds.facebook_persona", 
        "fields": {
            "main_feed": "11", 
            "object_id": "888", 
            "content_type": [
                "mks", 
                "member"
            ]
        }
    }, 
    {
        "pk": "31", 
        "model": "facebook_feeds.facebook_persona", 
        "fields": {
            "main_feed": "31", 
            "object_id": "875", 
            "content_type": [
                "mks", 
                "member"
            ]
        }
    }, 
    {
        "pk": "40", 
        "model": "facebook_feeds.facebook_persona", 
        "fields": {
            "main_feed": "40", 
            "object_id": "105", 
            "content_type": [
                "mks", 
                "member"
            ]
        }
    }, 
    {
        "pk": "49", 
        "model": "facebook_feeds.facebook_persona", 
        "fields": {
            "main_feed": "49", 
            "object_id": "866", 
            "content_type": [
                "mks", 
                "member"
            ]
        }
    }, 
    {
        "pk": "62", 
        "model": "facebook_feeds.facebook_persona", 
        "fields": {
            "main_feed": "62", 
            "object_id": "900", 
            "content_type": [
                "mks", 
                "member"
            ]
        }
    }, 
    {
        "pk": "66", 
        "model": "facebook_feeds.facebook_persona", 
        "fields": {
            "main_feed": "66", 
            "object_id": "835", 
            "content_type": [
                "mks", 
                "member"
            ]
        }
    }, 
    {
        "pk": "27", 
        "model": "facebook_feeds.facebook_persona", 
        "fields": {
            "main_feed": "27", 
            "object_id": "905", 
            "content_type": [
                "mks", 
                "member"
            ]
        }
    }, 
    {
        "pk": "18", 
        "model": "facebook_feeds.facebook_persona", 
        "fields": {
            "main_feed": "18", 
            "object_id": "45", 
            "content_type": [
                "mks", 
                "member"
            ]
        }
    }, 
    {
        "pk": "47", 
        "model": "facebook_feeds.facebook_persona", 
        "fields": {
            "main_feed": "47", 
            "object_id": "825", 
            "content_type": [
                "mks", 
                "member"
            ]
        }
    }, 
    {
        "pk": "4", 
        "model": "facebook_feeds.facebook_persona", 
        "fields": {
            "main_feed": "4", 
            "object_id": "213", 
            "content_type": [
                "mks", 
                "member"
            ]
        }
    }, 
    {
        "pk": "19", 
        "model": "facebook_feeds.facebook_persona", 
        "fields": {
            "main_feed": "19", 
            "object_id": "860", 
            "content_type": [
                "mks", 
                "member"
            ]
        }
    }, 
    {
        "pk": "9", 
        "model": "facebook_feeds.facebook_persona", 
        "fields": {
            "main_feed": "9", 
            "object_id": "114", 
            "content_type": [
                "mks", 
                "member"
            ]
        }
    }, 
    {
        "pk": "16", 
        "model": "facebook_feeds.facebook_persona", 
        "fields": {
            "main_feed": "16", 
            "object_id": "889", 
            "content_type": [
                "mks", 
                "member"
            ]
        }
    }, 
    {
        "pk": "54", 
        "model": "facebook_feeds.facebook_persona", 
        "fields": {
            "main_feed": "54", 
            "object_id": "720", 
            "content_type": [
                "mks", 
                "member"
            ]
        }
    }, 
    {
        "pk": "41", 
        "model": "facebook_feeds.facebook_persona", 
        "fields": {
            "main_feed": "41", 
            "object_id": "886", 
            "content_type": [
                "mks", 
                "member"
            ]
        }
    }, 
    {
        "pk": "51", 
        "model": "facebook_feeds.facebook_persona", 
        "fields": {
            "main_feed": "51", 
            "object_id": "782", 
            "content_type": [
                "mks", 
                "member"
            ]
        }
    }, 
    {
        "pk": "65", 
        "model": "facebook_feeds.facebook_persona", 
        "fields": {
            "main_feed": "65", 
            "object_id": "70", 
            "content_type": [
                "mks", 
                "member"
            ]
        }
    }, 
    {
        "pk": "67", 
        "model": "facebook_feeds.facebook_persona", 
        "fields": {
            "main_feed": "67", 
            "object_id": "823", 
            "content_type": [
                "mks", 
                "member"
            ]
        }
    }, 
    {
        "pk": "71", 
        "model": "facebook_feeds.facebook_persona", 
        "fields": {
            "main_feed": "71", 
            "object_id": "92", 
            "content_type": [
                "mks", 
                "member"
            ]
        }
    }, 
    {
        "pk": "72", 
        "model": "facebook_feeds.facebook_persona", 
        "fields": {
            "main_feed": "72", 
            "object_id": "78", 
            "content_type": [
                "mks", 
                "member"
            ]
        }
    }, 
    {
        "pk": "73", 
        "model": "facebook_feeds.facebook_persona", 
        "fields": {
            "main_feed": "73", 
            "object_id": "739", 
            "content_type": [
                "mks", 
                "member"
            ]
        }
    }, 
    {
        "pk": "74", 
        "model": "facebook_feeds.facebook_persona", 
        "fields": {
            "main_feed": "74", 
            "object_id": "842", 
            "content_type": [
                "mks", 
                "member"
            ]
        }
    }, 
    {
        "pk": "75", 
        "model": "facebook_feeds.facebook_persona", 
        "fields": {
            "main_feed": "75", 
            "object_id": "870", 
            "content_type": [
                "mks", 
                "member"
            ]
        }
    }, 
    {
        "pk": "76", 
        "model": "facebook_feeds.facebook_persona", 
        "fields": {
            "main_feed": "76", 
            "object_id": "845", 
            "content_type": [
                "mks", 
                "member"
            ]
        }
    }, 
    {
        "pk": "77", 
        "model": "facebook_feeds.facebook_persona", 
        "fields": {
            "main_feed": "77", 
            "object_id": "884", 
            "content_type": [
                "mks", 
                "member"
            ]
        }
    }, 
    {
        "pk": "78", 
        "model": "facebook_feeds.facebook_persona", 
        "fields": {
            "main_feed": "78", 
            "object_id": "863", 
            "content_type": [
                "mks", 
                "member"
            ]
        }
    }, 
    {
        "pk": "79", 
        "model": "facebook_feeds.facebook_persona", 
        "fields": {
            "main_feed": "79", 
            "object_id": "63", 
            "content_type": [
                "mks", 
                "member"
            ]
        }
    }, 
    {
        "pk": "80", 
        "model": "facebook_feeds.facebook_persona", 
        "fields": {
            "main_feed": "80", 
            "object_id": "20", 
            "content_type": [
                "mks", 
                "member"
            ]
        }
    }, 
    {
        "pk": "81", 
        "model": "facebook_feeds.facebook_persona", 
        "fields": {
            "main_feed": "81", 
            "object_id": "768", 
            "content_type": [
                "mks", 
                "member"
            ]
        }
    }, 
    {
        "pk": "82", 
        "model": "facebook_feeds.facebook_persona", 
        "fields": {
            "main_feed": "82", 
            "object_id": "893", 
            "content_type": [
                "mks", 
                "member"
            ]
        }
    }, 
    {
        "pk": "83", 
        "model": "facebook_feeds.facebook_persona", 
        "fields": {
            "main_feed": "83", 
            "object_id": "212", 
            "content_type": [
                "mks", 
                "member"
            ]
        }
    }, 
    {
        "pk": "84", 
        "model": "facebook_feeds.facebook_persona", 
        "fields": {
            "main_feed": "84", 
            "object_id": "837", 
            "content_type": [
                "mks", 
                "member"
            ]
        }
    }, 
    {
        "pk": "85", 
        "model": "facebook_feeds.facebook_persona", 
        "fields": {
            "main_feed": "85", 
            "object_id": "695", 
            "content_type": [
                "mks", 
                "member"
            ]
        }
    }, 
    {
        "pk": "86", 
        "model": "facebook_feeds.facebook_persona", 
        "fields": {
            "main_feed": "86", 
            "object_id": "790", 
            "content_type": [
                "mks", 
                "member"
            ]
        }
    }, 
    {
        "pk": "87", 
        "model": "facebook_feeds.facebook_persona", 
        "fields": {
            "main_feed": "87", 
            "object_id": "826", 
            "content_type": [
                "mks", 
                "member"
            ]
        }
    }, 
    {
        "pk": "88", 
        "model": "facebook_feeds.facebook_persona", 
        "fields": {
            "main_feed": "88", 
            "object_id": "119", 
            "content_type": [
                "mks", 
                "member"
            ]
        }
    }, 
    {
        "pk": "89", 
        "model": "facebook_feeds.facebook_persona", 
        "fields": {
            "main_feed": "89", 
            "object_id": "197", 
            "content_type": [
                "mks", 
                "member"
            ]
        }
    }, 
    {
        "pk": "90", 
        "model": "facebook_feeds.facebook_persona", 
        "fields": {
            "main_feed": "90", 
            "object_id": "985", 
            "content_type": [
                "mks", 
                "member"
            ]
        }
    }, 
    {
        "pk": "91", 
        "model": "facebook_feeds.facebook_persona", 
        "fields": {
            "main_feed": "91", 
            "object_id": "206", 
            "content_type": [
                "mks", 
                "member"
            ]
        }
    }, 
    {
        "pk": "92", 
        "model": "facebook_feeds.facebook_persona", 
        "fields": {
            "main_feed": "92", 
            "object_id": "77", 
            "content_type": [
                "mks", 
                "member"
            ]
        }
    }, 
    {
        "pk": "93", 
        "model": "facebook_feeds.facebook_persona", 
        "fields": {
            "main_feed": "93", 
            "object_id": "869", 
            "content_type": [
                "mks", 
                "member"
            ]
        }
    }, 
    {
        "pk": "94", 
        "model": "facebook_feeds.facebook_persona", 
        "fields": {
            "main_feed": "94", 
            "object_id": "892", 
            "content_type": [
                "mks", 
                "member"
            ]
        }
    }, 
    {
        "pk": "95", 
        "model": "facebook_feeds.facebook_persona", 
        "fields": {
            "main_feed": "95", 
            "object_id": "879", 
            "content_type": [
                "mks", 
                "member"
            ]
        }
    }, 
    {
        "pk": "96", 
        "model": "facebook_feeds.facebook_persona", 
        "fields": {
            "main_feed": "96", 
            "object_id": "859", 
            "content_type": [
                "mks", 
                "member"
            ]
        }
    }, 
    {
        "pk": "97", 
        "model": "facebook_feeds.facebook_persona", 
        "fields": {
            "main_feed": "97", 
            "object_id": "883", 
            "content_type": [
                "mks", 
                "member"
            ]
        }
    }, 
    {
        "pk": "98", 
        "model": "facebook_feeds.facebook_persona", 
        "fields": {
            "main_feed": "98", 
            "object_id": "871", 
            "content_type": [
                "mks", 
                "member"
            ]
        }
    }, 
    {
        "pk": "99", 
        "model": "facebook_feeds.facebook_persona", 
        "fields": {
            "main_feed": "99", 
            "object_id": "13", 
            "content_type": [
                "mks", 
                "member"
            ]
        }
    }, 
    {
        "pk": "100", 
        "model": "facebook_feeds.facebook_persona", 
        "fields": {
            "main_feed": "100", 
            "object_id": "754", 
            "content_type": [
                "mks", 
                "member"
            ]
        }
    }, 
    {
        "pk": "101", 
        "model": "facebook_feeds.facebook_persona", 
        "fields": {
            "main_feed": "101", 
            "object_id": "793", 
            "content_type": [
                "mks", 
                "member"
            ]
        }
    }, 
    {
        "pk": "102", 
        "model": "facebook_feeds.facebook_persona", 
        "fields": {
            "main_feed": "102", 
            "object_id": "861", 
            "content_type": [
                "mks", 
                "member"
            ]
        }
    }, 
    {
        "pk": "103", 
        "model": "facebook_feeds.facebook_persona", 
        "fields": {
            "main_feed": "103", 
            "object_id": "873", 
            "content_type": [
                "mks", 
                "member"
            ]
        }
    }, 
    {
        "pk": "104", 
        "model": "facebook_feeds.facebook_persona", 
        "fields": {
            "main_feed": "104", 
            "object_id": "789", 
            "content_type": [
                "mks", 
                "member"
            ]
        }
    }, 
    {
        "pk": "105", 
        "model": "facebook_feeds.facebook_persona", 
        "fields": {
            "main_feed": "105", 
            "object_id": "805", 
            "content_type": [
                "mks", 
                "member"
            ]
        }
    }, 
    {
        "pk": "1", 
        "model": "facebook_feeds.tag", 
        "fields": {
            "name": "\u05d1\u05d8\u05d7\u05d5\u05df", 
            "statuses": ""
        }
    }, 
    {
        "pk": "2", 
        "model": "facebook_feeds.tag", 
        "fields": {
            "name": "\u05d7\u05d5\u05e5", 
            "statuses": ""
        }
    }, 
    {
        "pk": "3", 
        "model": "facebook_feeds.tag", 
        "fields": {
            "name": "\u05db\u05dc\u05db\u05dc\u05d4", 
            "statuses": ""
        }
    }, 
    {
        "pk": "4", 
        "model": "facebook_feeds.tag", 
        "fields": {
            "name": "\u05d1\u05e8\u05d9\u05d0\u05d5\u05ea", 
            "statuses": ""
        }
    }, 
    {
        "pk": "5", 
        "model": "facebook_feeds.tag", 
        "fields": {
            "name": "\u05e1\u05d1\u05d9\u05d1\u05d4", 
            "statuses": ""
        }
    }, 
    {
        "pk": "6", 
        "model": "facebook_feeds.tag", 
        "fields": {
            "name": "\u05e8\u05d5\u05d5\u05d7\u05d4", 
            "statuses": ""
        }
    }, 
    {
        "pk": "7", 
        "model": "facebook_feeds.tag", 
        "fields": {
            "name": "\u05e1\u05e4\u05d5\u05e8\u05d8", 
            "statuses": ""
        }
    }, 
    {
        "pk": "8", 
        "model": "facebook_feeds.tag", 
        "fields": {
            "name": "\u05d0\u05d9\u05e9\u05d9", 
            "statuses": ""
        }
    }, 
    {
        "pk": "9", 
        "model": "facebook_feeds.tag", 
        "fields": {
            "name": "\u05ea\u05e8\u05d1\u05d5\u05ea", 
            "statuses": ""
        }
    }, 
    {
        "pk": "10", 
        "model": "facebook_feeds.tag", 
        "fields": {
            "name": "\u05de\u05d3\u05e2", 
            "statuses": ""
        }
    }, 
    {
        "pk": "11", 
        "model": "facebook_feeds.tag", 
        "fields": {
            "name": "\u05d4\u05e1\u05e4\u05d3", 
            "statuses": ""
        }
    }
]