[
    {
        "pk": "1", 
        "model": "facebook_feeds.facebook_feed", 
        "fields": {
            "feed_type": "PP", 
            "vendor_id": "423544607732681", 
            "is_current": true, 
            "persona": "1", 
            "requires_user_token": false
        }
    }, 
    {
        "pk": "2", 
        "model": "facebook_feeds.facebook_feed", 
        "fields": {
            "feed_type": "PP", 
            "vendor_id": "237683826350051", 
            "is_current": true, 
            "persona": "2", 
            "requires_user_token": false
        }
    }, 
    {
        "pk": "3", 
        "model": "facebook_feeds.facebook_feed", 
        "fields": {
            "feed_type": "PP", 
            "vendor_id": "34775063966", 
            "is_current": true, 
            "persona": "3", 
            "requires_user_token": false
        }
    }, 
    {
        "pk": "4", 
        "model": "facebook_feeds.facebook_feed", 
        "fields": {
            "feed_type": "PP", 
            "vendor_id": "37665519437", 
            "is_current": true, 
            "persona": "4", 
            "requires_user_token": false
        }
    }, 
    {
        "pk": "5", 
        "model": "facebook_feeds.facebook_feed", 
        "fields": {
            "feed_type": "PP", 
            "vendor_id": "112791015410812", 
            "is_current": true, 
            "persona": "5", 
            "requires_user_token": false
        }
    }, 
    {
        "pk": "6", 
        "model": "facebook_feeds.facebook_feed", 
        "fields": {
            "feed_type": "PP", 
            "vendor_id": "118410851589072", 
            "is_current": true, 
            "persona": "6", 
            "requires_user_token": false
        }
    }, 
    {
        "pk": "7", 
        "model": "facebook_feeds.facebook_feed", 
        "fields": {
            "feed_type": "PP", 
            "vendor_id": "335399036546914", 
            "is_current": true, 
            "persona": "7", 
            "requires_user_token": false
        }
    }, 
    {
        "pk": "8", 
        "model": "facebook_feeds.facebook_feed", 
        "fields": {
            "feed_type": "PP", 
            "vendor_id": "230709873674802", 
            "is_current": true, 
            "persona": "8", 
            "requires_user_token": false
        }
    }, 
    {
        "pk": "9", 
        "model": "facebook_feeds.facebook_feed", 
        "fields": {
            "feed_type": "PP", 
            "vendor_id": "128211737213526", 
            "is_current": false, 
            "persona": "9", 
            "requires_user_token": false
        }
    }, 
    {
        "pk": "10", 
        "model": "facebook_feeds.facebook_feed", 
        "fields": {
            "feed_type": "PP", 
            "vendor_id": "213793465311034", 
            "is_current": true, 
            "persona": "10", 
            "requires_user_token": false
        }
    }, 
    {
        "pk": "11", 
        "model": "facebook_feeds.facebook_feed", 
        "fields": {
            "feed_type": "PP", 
            "vendor_id": "285742004879697", 
            "is_current": true, 
            "persona": "11", 
            "requires_user_token": false
        }
    }, 
    {
        "pk": "12", 
        "model": "facebook_feeds.facebook_feed", 
        "fields": {
            "feed_type": "PP", 
            "vendor_id": "161648040544835", 
            "is_current": true, 
            "persona": "12", 
            "requires_user_token": false
        }
    }, 
    {
        "pk": "13", 
        "model": "facebook_feeds.facebook_feed", 
        "fields": {
            "feed_type": "PP", 
            "vendor_id": "294986783934161", 
            "is_current": true, 
            "persona": "13", 
            "requires_user_token": false
        }
    }, 
    {
        "pk": "14", 
        "model": "facebook_feeds.facebook_feed", 
        "fields": {
            "feed_type": "PP", 
            "vendor_id": "107836625941364", 
            "is_current": true, 
            "persona": "14", 
            "requires_user_token": false
        }
    }, 
    {
        "pk": "15", 
        "model": "facebook_feeds.facebook_feed", 
        "fields": {
            "feed_type": "PP", 
            "vendor_id": "310448006908", 
            "is_current": true, 
            "persona": "15", 
            "requires_user_token": false
        }
    }, 
    {
        "pk": "16", 
        "model": "facebook_feeds.facebook_feed", 
        "fields": {
            "feed_type": "PP", 
            "vendor_id": "616484361701607", 
            "is_current": true, 
            "persona": "16", 
            "requires_user_token": false
        }
    }, 
    {
        "pk": "17", 
        "model": "facebook_feeds.facebook_feed", 
        "fields": {
            "feed_type": "PP", 
            "vendor_id": "295104730523499", 
            "is_current": true, 
            "persona": "17", 
            "requires_user_token": false
        }
    }, 
    {
        "pk": "18", 
        "model": "facebook_feeds.facebook_feed", 
        "fields": {
            "feed_type": "PP", 
            "vendor_id": "297207456997968", 
            "is_current": true, 
            "persona": "18", 
            "requires_user_token": false
        }
    }, 
    {
        "pk": "19", 
        "model": "facebook_feeds.facebook_feed", 
        "fields": {
            "feed_type": "PP", 
            "vendor_id": "457794627605948", 
            "is_current": true, 
            "persona": "19", 
            "requires_user_token": false
        }
    }, 
    {
        "pk": "20", 
        "model": "facebook_feeds.facebook_feed", 
        "fields": {
            "feed_type": "PP", 
            "vendor_id": "396697410351933", 
            "is_current": true, 
            "persona": "20", 
            "requires_user_token": false
        }
    }, 
    {
        "pk": "21", 
        "model": "facebook_feeds.facebook_feed", 
        "fields": {
            "feed_type": "PP", 
            "vendor_id": "142479632494944", 
            "is_current": true, 
            "persona": "21", 
            "requires_user_token": false
        }
    }, 
    {
        "pk": "22", 
        "model": "facebook_feeds.facebook_feed", 
        "fields": {
            "feed_type": "PP", 
            "vendor_id": "115028251920872", 
            "is_current": true, 
            "persona": "22", 
            "requires_user_token": false
        }
    }, 
    {
        "pk": "23", 
        "model": "facebook_feeds.facebook_feed", 
        "fields": {
            "feed_type": "PP", 
            "vendor_id": "129931940492158", 
            "is_current": true, 
            "persona": "23", 
            "requires_user_token": true
        }
    }, 
    {
        "pk": "24", 
        "model": "facebook_feeds.facebook_feed", 
        "fields": {
            "feed_type": "PP", 
            "vendor_id": "66398526339", 
            "is_current": true, 
            "persona": "24", 
            "requires_user_token": false
        }
    }, 
    {
        "pk": "25", 
        "model": "facebook_feeds.facebook_feed", 
        "fields": {
            "feed_type": "PP", 
            "vendor_id": "371426819606751", 
            "is_current": true, 
            "persona": "25", 
            "requires_user_token": false
        }
    }, 
    {
        "pk": "26", 
        "model": "facebook_feeds.facebook_feed", 
        "fields": {
            "feed_type": "PP", 
            "vendor_id": "174411199282819", 
            "is_current": true, 
            "persona": "26", 
            "requires_user_token": false
        }
    }, 
    {
        "pk": "27", 
        "model": "facebook_feeds.facebook_feed", 
        "fields": {
            "feed_type": "PP", 
            "vendor_id": "336333819807014", 
            "is_current": true, 
            "persona": "27", 
            "requires_user_token": false
        }
    }, 
    {
        "pk": "28", 
        "model": "facebook_feeds.facebook_feed", 
        "fields": {
            "feed_type": "PP", 
            "vendor_id": "432953930099972", 
            "is_current": true, 
            "persona": "28", 
            "requires_user_token": false
        }
    }, 
    {
        "pk": "29", 
        "model": "facebook_feeds.facebook_feed", 
        "fields": {
            "feed_type": "PP", 
            "vendor_id": "612784452070209", 
            "is_current": true, 
            "persona": "29", 
            "requires_user_token": false
        }
    }, 
    {
        "pk": "30", 
        "model": "facebook_feeds.facebook_feed", 
        "fields": {
            "feed_type": "PP", 
            "vendor_id": "268108602075", 
            "is_current": true, 
            "persona": "30", 
            "requires_user_token": false
        }
    }, 
    {
        "pk": "31", 
        "model": "facebook_feeds.facebook_feed", 
        "fields": {
            "feed_type": "PP", 
            "vendor_id": "402936269773132", 
            "is_current": true, 
            "persona": "31", 
            "requires_user_token": false
        }
    }, 
    {
        "pk": "32", 
        "model": "facebook_feeds.facebook_feed", 
        "fields": {
            "feed_type": "PP", 
            "vendor_id": "102997256411052", 
            "is_current": true, 
            "persona": "32", 
            "requires_user_token": false
        }
    }, 
    {
        "pk": "33", 
        "model": "facebook_feeds.facebook_feed", 
        "fields": {
            "feed_type": "PP", 
            "vendor_id": "256097767800645", 
            "is_current": true, 
            "persona": "33", 
            "requires_user_token": false
        }
    }, 
    {
        "pk": "34", 
        "model": "facebook_feeds.facebook_feed", 
        "fields": {
            "feed_type": "PP", 
            "vendor_id": "318718848205174", 
            "is_current": true, 
            "persona": "34", 
            "requires_user_token": false
        }
    }, 
    {
        "pk": "35", 
        "model": "facebook_feeds.facebook_feed", 
        "fields": {
            "feed_type": "PP", 
            "vendor_id": "302282753147898", 
            "is_current": true, 
            "persona": "35", 
            "requires_user_token": false
        }
    }, 
    {
        "pk": "36", 
        "model": "facebook_feeds.facebook_feed", 
        "fields": {
            "feed_type": "PP", 
            "vendor_id": "270537533068364", 
            "is_current": true, 
            "persona": "36", 
            "requires_user_token": false
        }
    }, 
    {
        "pk": "37", 
        "model": "facebook_feeds.facebook_feed", 
        "fields": {
            "feed_type": "PP", 
            "vendor_id": "408819395854150", 
            "is_current": true, 
            "persona": "37", 
            "requires_user_token": false
        }
    }, 
    {
        "pk": "38", 
        "model": "facebook_feeds.facebook_feed", 
        "fields": {
            "feed_type": "PP", 
            "vendor_id": "212884635505254", 
            "is_current": true, 
            "persona": "38", 
            "requires_user_token": false
        }
    }, 
    {
        "pk": "39", 
        "model": "facebook_feeds.facebook_feed", 
        "fields": {
            "feed_type": "PP", 
            "vendor_id": "429433447128257", 
            "is_current": true, 
            "persona": "39", 
            "requires_user_token": false
        }
    }, 
    {
        "pk": "40", 
        "model": "facebook_feeds.facebook_feed", 
        "fields": {
            "feed_type": "PP", 
            "vendor_id": "154570404606299", 
            "is_current": true, 
            "persona": "40", 
            "requires_user_token": false
        }
    }, 
    {
        "pk": "41", 
        "model": "facebook_feeds.facebook_feed", 
        "fields": {
            "feed_type": "PP", 
            "vendor_id": "281431865311442", 
            "is_current": true, 
            "persona": "41", 
            "requires_user_token": false
        }
    }, 
    {
        "pk": "42", 
        "model": "facebook_feeds.facebook_feed", 
        "fields": {
            "feed_type": "PP", 
            "vendor_id": "369855119713388", 
            "is_current": true, 
            "persona": "42", 
            "requires_user_token": false
        }
    }, 
    {
        "pk": "43", 
        "model": "facebook_feeds.facebook_feed", 
        "fields": {
            "feed_type": "PP", 
            "vendor_id": "167657276622943", 
            "is_current": true, 
            "persona": "43", 
            "requires_user_token": false
        }
    }, 
    {
        "pk": "44", 
        "model": "facebook_feeds.facebook_feed", 
        "fields": {
            "feed_type": "PP", 
            "vendor_id": "128834187134576", 
            "is_current": true, 
            "persona": "44", 
            "requires_user_token": false
        }
    }, 
    {
        "pk": "45", 
        "model": "facebook_feeds.facebook_feed", 
        "fields": {
            "feed_type": "PP", 
            "vendor_id": "386001744772337", 
            "is_current": true, 
            "persona": "45", 
            "requires_user_token": false
        }
    }, 
    {
        "pk": "46", 
        "model": "facebook_feeds.facebook_feed", 
        "fields": {
            "feed_type": "PP", 
            "vendor_id": "520086018021432", 
            "is_current": true, 
            "persona": "46", 
            "requires_user_token": false
        }
    }, 
    {
        "pk": "47", 
        "model": "facebook_feeds.facebook_feed", 
        "fields": {
            "feed_type": "PP", 
            "vendor_id": "123439757700947", 
            "is_current": true, 
            "persona": "47", 
            "requires_user_token": false
        }
    }, 
    {
        "pk": "48", 
        "model": "facebook_feeds.facebook_feed", 
        "fields": {
            "feed_type": "PP", 
            "vendor_id": "371855757456", 
            "is_current": true, 
            "persona": "48", 
            "requires_user_token": false
        }
    }, 
    {
        "pk": "49", 
        "model": "facebook_feeds.facebook_feed", 
        "fields": {
            "feed_type": "PP", 
            "vendor_id": "156632191145120", 
            "is_current": true, 
            "persona": "49", 
            "requires_user_token": false
        }
    }, 
    {
        "pk": "50", 
        "model": "facebook_feeds.facebook_feed", 
        "fields": {
            "feed_type": "PP", 
            "vendor_id": "207139259326193", 
            "is_current": true, 
            "persona": "50", 
            "requires_user_token": false
        }
    }, 
    {
        "pk": "51", 
        "model": "facebook_feeds.facebook_feed", 
        "fields": {
            "feed_type": "PP", 
            "vendor_id": "162319074217", 
            "is_current": true, 
            "persona": "51", 
            "requires_user_token": false
        }
    }, 
    {
        "pk": "52", 
        "model": "facebook_feeds.facebook_feed", 
        "fields": {
            "feed_type": "PP", 
            "vendor_id": "178433145502975", 
            "is_current": true, 
            "persona": "52", 
            "requires_user_token": false
        }
    }, 
    {
        "pk": "53", 
        "model": "facebook_feeds.facebook_feed", 
        "fields": {
            "feed_type": "PP", 
            "vendor_id": "433095953410548", 
            "is_current": true, 
            "persona": "53", 
            "requires_user_token": false
        }
    }, 
    {
        "pk": "54", 
        "model": "facebook_feeds.facebook_feed", 
        "fields": {
            "feed_type": "PP", 
            "vendor_id": "201172239926506", 
            "is_current": true, 
            "persona": "54", 
            "requires_user_token": false
        }
    }, 
    {
        "pk": "55", 
        "model": "facebook_feeds.facebook_feed", 
        "fields": {
            "feed_type": "PP", 
            "vendor_id": "454865187905717", 
            "is_current": true, 
            "persona": "55", 
            "requires_user_token": false
        }
    }, 
    {
        "pk": "56", 
        "model": "facebook_feeds.facebook_feed", 
        "fields": {
            "feed_type": "PP", 
            "vendor_id": "507647555954176", 
            "is_current": true, 
            "persona": "56", 
            "requires_user_token": false
        }
    }, 
    {
        "pk": "57", 
        "model": "facebook_feeds.facebook_feed", 
        "fields": {
            "feed_type": "PP", 
            "vendor_id": "212853068767680", 
            "is_current": true, 
            "persona": "57", 
            "requires_user_token": false
        }
    }, 
    {
        "pk": "58", 
        "model": "facebook_feeds.facebook_feed", 
        "fields": {
            "feed_type": "PP", 
            "vendor_id": "394242203948130", 
            "is_current": true, 
            "persona": "58", 
            "requires_user_token": false
        }
    }, 
    {
        "pk": "59", 
        "model": "facebook_feeds.facebook_feed", 
        "fields": {
            "feed_type": "PP", 
            "vendor_id": "503855396298871", 
            "is_current": true, 
            "persona": "59", 
            "requires_user_token": false
        }
    }, 
    {
        "pk": "60", 
        "model": "facebook_feeds.facebook_feed", 
        "fields": {
            "feed_type": "PP", 
            "vendor_id": "404314496289809", 
            "is_current": true, 
            "persona": "60", 
            "requires_user_token": false
        }
    }, 
    {
        "pk": "61", 
        "model": "facebook_feeds.facebook_feed", 
        "fields": {
            "feed_type": "PP", 
            "vendor_id": "291524437542463", 
            "is_current": true, 
            "persona": "61", 
            "requires_user_token": false
        }
    }, 
    {
        "pk": "62", 
        "model": "facebook_feeds.facebook_feed", 
        "fields": {
            "feed_type": "PP", 
            "vendor_id": "408265492578926", 
            "is_current": true, 
            "persona": "62", 
            "requires_user_token": false
        }
    }, 
    {
        "pk": "63", 
        "model": "facebook_feeds.facebook_feed", 
        "fields": {
            "feed_type": "PP", 
            "vendor_id": "270198837993", 
            "is_current": false, 
            "persona": "63", 
            "requires_user_token": false
        }
    }, 
    {
        "pk": "64", 
        "model": "facebook_feeds.facebook_feed", 
        "fields": {
            "feed_type": "PP", 
            "vendor_id": "127130297401833", 
            "is_current": true, 
            "persona": "64", 
            "requires_user_token": false
        }
    }, 
    {
        "pk": "66", 
        "model": "facebook_feeds.facebook_feed", 
        "fields": {
            "feed_type": "PP", 
            "vendor_id": "729097460481331", 
            "is_current": true, 
            "persona": "66", 
            "requires_user_token": false
        }
    }, 
    {
        "pk": "68", 
        "model": "facebook_feeds.facebook_feed", 
        "fields": {
            "feed_type": "UP", 
            "vendor_id": "508516607", 
            "is_current": true, 
            "persona": "68", 
            "requires_user_token": true
        }
    }, 
    {
        "pk": "69", 
        "model": "facebook_feeds.facebook_feed", 
        "fields": {
            "feed_type": "UP", 
            "vendor_id": "574847197", 
            "is_current": true, 
            "persona": "69", 
            "requires_user_token": true
        }
    }, 
    {
        "pk": "70", 
        "model": "facebook_feeds.facebook_feed", 
        "fields": {
            "feed_type": "PP", 
            "vendor_id": "1411524072449425", 
            "is_current": true, 
            "persona": "70", 
            "requires_user_token": true
        }
    }, 
    {
        "pk": "65", 
        "model": "facebook_feeds.facebook_feed", 
        "fields": {
            "feed_type": "PP", 
            "vendor_id": "155726207778990", 
            "is_current": true, 
            "persona": "65", 
            "requires_user_token": false
        }
    }, 
    {
        "pk": "67", 
        "model": "facebook_feeds.facebook_feed", 
        "fields": {
            "feed_type": "PP", 
            "vendor_id": "173196886046831", 
            "is_current": true, 
            "persona": "67", 
            "requires_user_token": false
        }
    }, 
    {
        "pk": "71", 
        "model": "facebook_feeds.facebook_feed", 
        "fields": {
            "feed_type": "PP", 
            "vendor_id": "437496349633977", 
            "is_current": true, 
            "persona": "71", 
            "requires_user_token": false
        }
    }, 
    {
        "pk": "72", 
        "model": "facebook_feeds.facebook_feed", 
        "fields": {
            "feed_type": "PP", 
            "vendor_id": "442386732471209", 
            "is_current": true, 
            "persona": "72", 
            "requires_user_token": false
        }
    }, 
    {
        "pk": "73", 
        "model": "facebook_feeds.facebook_feed", 
        "fields": {
            "feed_type": "PP", 
            "vendor_id": "171840676187709", 
            "is_current": true, 
            "persona": "73", 
            "requires_user_token": false
        }
    }, 
    {
        "pk": "74", 
        "model": "facebook_feeds.facebook_feed", 
        "fields": {
            "feed_type": "PP", 
            "vendor_id": "581740021875450", 
            "is_current": true, 
            "persona": "74", 
            "requires_user_token": false
        }
    }, 
    {
        "pk": "75", 
        "model": "facebook_feeds.facebook_feed", 
        "fields": {
            "feed_type": "PP", 
            "vendor_id": "290348144398550", 
            "is_current": true, 
            "persona": "75", 
            "requires_user_token": true
        }
    }, 
    {
        "pk": "76", 
        "model": "facebook_feeds.facebook_feed", 
        "fields": {
            "feed_type": "PP", 
            "vendor_id": "408249422571187", 
            "is_current": true, 
            "persona": "76", 
            "requires_user_token": false
        }
    }, 
    {
        "pk": "77", 
        "model": "facebook_feeds.facebook_feed", 
        "fields": {
            "feed_type": "PP", 
            "vendor_id": "243941715737870", 
            "is_current": true, 
            "persona": "77", 
            "requires_user_token": false
        }
    }, 
    {
        "pk": "78", 
        "model": "facebook_feeds.facebook_feed", 
        "fields": {
            "feed_type": "PP", 
            "vendor_id": "485996514776399", 
            "is_current": true, 
            "persona": "78", 
            "requires_user_token": false
        }
    }, 
    {
        "pk": "79", 
        "model": "facebook_feeds.facebook_feed", 
        "fields": {
            "feed_type": "PP", 
            "vendor_id": "137409609701165", 
            "is_current": true, 
            "persona": "79", 
            "requires_user_token": false
        }
    }, 
    {
        "pk": "80", 
        "model": "facebook_feeds.facebook_feed", 
        "fields": {
            "feed_type": "PP", 
            "vendor_id": "143037549058436", 
            "is_current": true, 
            "persona": "80", 
            "requires_user_token": false
        }
    }, 
    {
        "pk": "81", 
        "model": "facebook_feeds.facebook_feed", 
        "fields": {
            "feed_type": "PP", 
            "vendor_id": "344375515658579", 
            "is_current": true, 
            "persona": "81", 
            "requires_user_token": false
        }
    }, 
    {
        "pk": "82", 
        "model": "facebook_feeds.facebook_feed", 
        "fields": {
            "feed_type": "PP", 
            "vendor_id": "449192681816875", 
            "is_current": true, 
            "persona": "82", 
            "requires_user_token": false
        }
    }, 
    {
        "pk": "83", 
        "model": "facebook_feeds.facebook_feed", 
        "fields": {
            "feed_type": "PP", 
            "vendor_id": "422665717788216", 
            "is_current": true, 
            "persona": "83", 
            "requires_user_token": true
        }
    }, 
    {
        "pk": "84", 
        "model": "facebook_feeds.facebook_feed", 
        "fields": {
            "feed_type": "PP", 
            "vendor_id": "132157380175824", 
            "is_current": true, 
            "persona": "84", 
            "requires_user_token": false
        }
    }, 
    {
        "pk": "85", 
        "model": "facebook_feeds.facebook_feed", 
        "fields": {
            "feed_type": "PP", 
            "vendor_id": "623230457774334", 
            "is_current": true, 
            "persona": "85", 
            "requires_user_token": false
        }
    }, 
    {
        "pk": "86", 
        "model": "facebook_feeds.facebook_feed", 
        "fields": {
            "feed_type": "PP", 
            "vendor_id": "300710030028377", 
            "is_current": true, 
            "persona": "86", 
            "requires_user_token": false
        }
    }, 
    {
        "pk": "87", 
        "model": "facebook_feeds.facebook_feed", 
        "fields": {
            "feed_type": "PP", 
            "vendor_id": "341448679281672", 
            "is_current": true, 
            "persona": "87", 
            "requires_user_token": false
        }
    }, 
    {
        "pk": "88", 
        "model": "facebook_feeds.facebook_feed", 
        "fields": {
            "feed_type": "PP", 
            "vendor_id": "168317476568320", 
            "is_current": true, 
            "persona": "88", 
            "requires_user_token": false
        }
    }, 
    {
        "pk": "89", 
        "model": "facebook_feeds.facebook_feed", 
        "fields": {
            "feed_type": "UP", 
            "vendor_id": "1441382008", 
            "is_current": true, 
            "persona": "89", 
            "requires_user_token": true
        }
    }, 
    {
        "pk": "90", 
        "model": "facebook_feeds.facebook_feed", 
        "fields": {
            "feed_type": "PP", 
            "vendor_id": "617957021581571", 
            "is_current": true, 
            "persona": "90", 
            "requires_user_token": false
        }
    }, 
    {
        "pk": "91", 
        "model": "facebook_feeds.facebook_feed", 
        "fields": {
            "feed_type": "PP", 
            "vendor_id": "320611771336201", 
            "is_current": true, 
            "persona": "91", 
            "requires_user_token": false
        }
    }, 
    {
        "pk": "92", 
        "model": "facebook_feeds.facebook_feed", 
        "fields": {
            "feed_type": "PP", 
            "vendor_id": "404224689637000", 
            "is_current": true, 
            "persona": "92", 
            "requires_user_token": false
        }
    }, 
    {
        "pk": "93", 
        "model": "facebook_feeds.facebook_feed", 
        "fields": {
            "feed_type": "PP", 
            "vendor_id": "430857016971866", 
            "is_current": true, 
            "persona": "93", 
            "requires_user_token": false
        }
    }, 
    {
        "pk": "94", 
        "model": "facebook_feeds.facebook_feed", 
        "fields": {
            "feed_type": "PP", 
            "vendor_id": "377452172353770", 
            "is_current": true, 
            "persona": "94", 
            "requires_user_token": false
        }
    }, 
    {
        "pk": "95", 
        "model": "facebook_feeds.facebook_feed", 
        "fields": {
            "feed_type": "PP", 
            "vendor_id": "438831352866459", 
            "is_current": true, 
            "persona": "95", 
            "requires_user_token": false
        }
    }, 
    {
        "pk": "96", 
        "model": "facebook_feeds.facebook_feed", 
        "fields": {
            "feed_type": "PP", 
            "vendor_id": "399245190165586", 
            "is_current": true, 
            "persona": "96", 
            "requires_user_token": false
        }
    }, 
    {
        "pk": "97", 
        "model": "facebook_feeds.facebook_feed", 
        "fields": {
            "feed_type": "PP", 
            "vendor_id": "547699061929908", 
            "is_current": true, 
            "persona": "97", 
            "requires_user_token": false
        }
    }, 
    {
        "pk": "98", 
        "model": "facebook_feeds.facebook_feed", 
        "fields": {
            "feed_type": "PP", 
            "vendor_id": "284775634985944", 
            "is_current": true, 
            "persona": "98", 
            "requires_user_token": false
        }
    }, 
    {
        "pk": "99", 
        "model": "facebook_feeds.facebook_feed", 
        "fields": {
            "feed_type": "UP", 
            "vendor_id": "100003905338146", 
            "is_current": true,
            "persona": "99",
            "requires_user_token": true
        }
    }, 
    {
        "pk": "100", 
        "model": "facebook_feeds.facebook_feed", 
        "fields": {
            "feed_type": "PP", 
            "vendor_id": "140476896137364", 
            "is_current": true, 
            "persona": "100", 
            "requires_user_token": false
        }
    }, 
    {
        "pk": "101", 
        "model": "facebook_feeds.facebook_feed", 
        "fields": {
            "feed_type": "PP", 
            "vendor_id": "102155496619137", 
            "is_current": true, 
            "persona": "101", 
            "requires_user_token": false
        }
    }, 
    {
        "pk": "102", 
        "model": "facebook_feeds.facebook_feed", 
        "fields": {
            "feed_type": "PP", 
            "vendor_id": "169783729837746", 
            "is_current": true, 
            "persona": "102", 
            "requires_user_token": false
        }
    }, 
    {
        "pk": "103", 
        "model": "facebook_feeds.facebook_feed", 
        "fields": {
            "feed_type": "PP", 
            "vendor_id": "364478330291286", 
            "is_current": true, 
            "persona": "103", 
            "requires_user_token": false
        }
    }, 
    {
        "pk": "104", 
        "model": "facebook_feeds.facebook_feed", 
        "fields": {
            "feed_type": "PP", 
            "vendor_id": "208745552614504", 
            "is_current": true, 
            "persona": "104", 
            "requires_user_token": false
        }
    }, 
    {
        "pk": "105", 
        "model": "facebook_feeds.facebook_feed", 
        "fields": {
            "feed_type": "PP", 
            "vendor_id": "381332725251346", 
            "is_current": true, 
            "persona": "105", 
            "requires_user_token": false
        }
    }, 
    {
        "pk": "106", 
        "model": "facebook_feeds.facebook_feed", 
        "fields": {
            "feed_type": "PP", 
            "vendor_id": "368992579826185", 
            "is_current": true, 
            "persona": "106", 
            "requires_user_token": false
        }
    }, 
    {
        "pk": "107", 
        "model": "facebook_feeds.facebook_feed", 
        "fields": {
            "feed_type": "PP", 
            "vendor_id": "789005101144982", 
            "is_current": true, 
            "persona": "107", 
            "requires_user_token": false
        }
    }, 
    {
        "pk": "52", 
        "model": "facebook_feeds.facebook_persona", 
        "fields": {
            "main_feed": "52", 
            "content_type": [
                "mks", 
                "member"
            ], 
            "object_id": "214"
        }
    }, 
    {
        "pk": "57", 
        "model": "facebook_feeds.facebook_persona", 
        "fields": {
            "main_feed": "57", 
            "content_type": [
                "mks", 
                "member"
            ], 
            "object_id": "797"
        }
    }, 
    {
        "pk": "15", 
        "model": "facebook_feeds.facebook_persona", 
        "fields": {
            "main_feed": "15", 
            "content_type": [
                "mks", 
                "member"
            ], 
            "object_id": "830"
        }
    }, 
    {
        "pk": "58", 
        "model": "facebook_feeds.facebook_persona", 
        "fields": {
            "main_feed": "58", 
            "content_type": [
                "mks", 
                "member"
            ], 
            "object_id": "713"
        }
    }, 
    {
        "pk": "29", 
        "model": "facebook_feeds.facebook_persona", 
        "fields": {
            "main_feed": "29", 
            "content_type": [
                "mks", 
                "member"
            ], 
            "object_id": "832"
        }
    }, 
    {
        "pk": "44", 
        "model": "facebook_feeds.facebook_persona", 
        "fields": {
            "main_feed": "44", 
            "content_type": [
                "mks", 
                "member"
            ], 
            "object_id": "208"
        }
    }, 
    {
        "pk": "2", 
        "model": "facebook_feeds.facebook_persona", 
        "fields": {
            "main_feed": "2", 
            "content_type": [
                "mks", 
                "member"
            ], 
            "object_id": "904"
        }
    }, 
    {
        "pk": "35", 
        "model": "facebook_feeds.facebook_persona", 
        "fields": {
            "main_feed": "35", 
            "content_type": [
                "mks", 
                "member"
            ], 
            "object_id": "200"
        }
    }, 
    {
        "pk": "60", 
        "model": "facebook_feeds.facebook_persona", 
        "fields": {
            "main_feed": "60", 
            "content_type": [
                "mks", 
                "member"
            ], 
            "object_id": "901"
        }
    }, 
    {
        "pk": "26", 
        "model": "facebook_feeds.facebook_persona", 
        "fields": {
            "main_feed": "26", 
            "content_type": [
                "mks", 
                "member"
            ], 
            "object_id": "64"
        }
    }, 
    {
        "pk": "37", 
        "model": "facebook_feeds.facebook_persona", 
        "fields": {
            "main_feed": "37", 
            "content_type": [
                "mks", 
                "member"
            ], 
            "object_id": "899"
        }
    }, 
    {
        "pk": "43", 
        "model": "facebook_feeds.facebook_persona", 
        "fields": {
            "main_feed": "43", 
            "content_type": [
                "mks", 
                "member"
            ], 
            "object_id": "882"
        }
    }, 
    {
        "pk": "63", 
        "model": "facebook_feeds.facebook_persona", 
        "fields": {
            "main_feed": "63", 
            "content_type": [
                "mks", 
                "member"
            ], 
            "object_id": "791"
        }
    }, 
    {
        "pk": "53", 
        "model": "facebook_feeds.facebook_persona", 
        "fields": {
            "main_feed": "53", 
            "content_type": [
                "mks", 
                "member"
            ], 
            "object_id": "41"
        }
    }, 
    {
        "pk": "55", 
        "model": "facebook_feeds.facebook_persona", 
        "fields": {
            "main_feed": "55", 
            "content_type": [
                "mks", 
                "member"
            ], 
            "object_id": "867"
        }
    }, 
    {
        "pk": "56", 
        "model": "facebook_feeds.facebook_persona", 
        "fields": {
            "main_feed": "56", 
            "content_type": [
                "mks", 
                "member"
            ], 
            "object_id": "872"
        }
    }, 
    {
        "pk": "30", 
        "model": "facebook_feeds.facebook_persona", 
        "fields": {
            "main_feed": "30", 
            "content_type": [
                "mks", 
                "member"
            ], 
            "object_id": "90"
        }
    }, 
    {
        "pk": "3", 
        "model": "facebook_feeds.facebook_persona", 
        "fields": {
            "main_feed": "3", 
            "content_type": [
                "mks", 
                "member"
            ], 
            "object_id": "725"
        }
    }, 
    {
        "pk": "21", 
        "model": "facebook_feeds.facebook_persona", 
        "fields": {
            "main_feed": "21", 
            "content_type": [
                "mks", 
                "member"
            ], 
            "object_id": "723"
        }
    }, 
    {
        "pk": "50", 
        "model": "facebook_feeds.facebook_persona", 
        "fields": {
            "main_feed": "50", 
            "content_type": [
                "mks", 
                "member"
            ], 
            "object_id": "734"
        }
    }, 
    {
        "pk": "17", 
        "model": "facebook_feeds.facebook_persona", 
        "fields": {
            "main_feed": "17", 
            "content_type": [
                "mks", 
                "member"
            ], 
            "object_id": "780"
        }
    }, 
    {
        "pk": "39", 
        "model": "facebook_feeds.facebook_persona", 
        "fields": {
            "main_feed": "39", 
            "content_type": [
                "mks", 
                "member"
            ], 
            "object_id": "877"
        }
    }, 
    {
        "pk": "1", 
        "model": "facebook_feeds.facebook_persona", 
        "fields": {
            "main_feed": "1", 
            "content_type": [
                "mks", 
                "member"
            ], 
            "object_id": "890"
        }
    }, 
    {
        "pk": "5", 
        "model": "facebook_feeds.facebook_persona", 
        "fields": {
            "main_feed": "5", 
            "content_type": [
                "mks", 
                "member"
            ], 
            "object_id": "828"
        }
    }, 
    {
        "pk": "22", 
        "model": "facebook_feeds.facebook_persona", 
        "fields": {
            "main_feed": "22", 
            "content_type": [
                "mks", 
                "member"
            ], 
            "object_id": "201"
        }
    }, 
    {
        "pk": "69", 
        "model": "facebook_feeds.facebook_persona", 
        "fields": {
            "main_feed": "69", 
            "content_type": [
                "mks", 
                "member"
            ], 
            "object_id": "865"
        }
    }, 
    {
        "pk": "64", 
        "model": "facebook_feeds.facebook_persona", 
        "fields": {
            "main_feed": "64", 
            "content_type": [
                "mks", 
                "member"
            ], 
            "object_id": "846"
        }
    }, 
    {
        "pk": "14", 
        "model": "facebook_feeds.facebook_persona", 
        "fields": {
            "main_feed": "14", 
            "content_type": [
                "mks", 
                "member"
            ], 
            "object_id": "878"
        }
    }, 
    {
        "pk": "38", 
        "model": "facebook_feeds.facebook_persona", 
        "fields": {
            "main_feed": "38", 
            "content_type": [
                "mks", 
                "member"
            ], 
            "object_id": "902"
        }
    }, 
    {
        "pk": "25", 
        "model": "facebook_feeds.facebook_persona", 
        "fields": {
            "main_feed": "25", 
            "content_type": [
                "mks", 
                "member"
            ], 
            "object_id": "897"
        }
    }, 
    {
        "pk": "48", 
        "model": "facebook_feeds.facebook_persona", 
        "fields": {
            "main_feed": "48", 
            "content_type": [
                "mks", 
                "member"
            ], 
            "object_id": "1"
        }
    }, 
    {
        "pk": "34", 
        "model": "facebook_feeds.facebook_persona", 
        "fields": {
            "main_feed": "34", 
            "content_type": [
                "mks", 
                "member"
            ], 
            "object_id": "898"
        }
    }, 
    {
        "pk": "59", 
        "model": "facebook_feeds.facebook_persona", 
        "fields": {
            "main_feed": "59", 
            "content_type": [
                "mks", 
                "member"
            ], 
            "object_id": "868"
        }
    }, 
    {
        "pk": "23", 
        "model": "facebook_feeds.facebook_persona", 
        "fields": {
            "main_feed": "23", 
            "content_type": [
                "mks", 
                "member"
            ], 
            "object_id": "887"
        }
    }, 
    {
        "pk": "36", 
        "model": "facebook_feeds.facebook_persona", 
        "fields": {
            "main_feed": "36", 
            "content_type": [
                "mks", 
                "member"
            ], 
            "object_id": "894"
        }
    }, 
    {
        "pk": "12", 
        "model": "facebook_feeds.facebook_persona", 
        "fields": {
            "main_feed": "12", 
            "content_type": [
                "mks", 
                "member"
            ], 
            "object_id": "740"
        }
    }, 
    {
        "pk": "70", 
        "model": "facebook_feeds.facebook_persona", 
        "fields": {
            "main_feed": "70", 
            "content_type": [
                "mks", 
                "member"
            ], 
            "object_id": "781"
        }
    }, 
    {
        "pk": "7", 
        "model": "facebook_feeds.facebook_persona", 
        "fields": {
            "main_feed": "7", 
            "content_type": [
                "mks", 
                "member"
            ], 
            "object_id": "69"
        }
    }, 
    {
        "pk": "28", 
        "model": "facebook_feeds.facebook_persona", 
        "fields": {
            "main_feed": "28", 
            "content_type": [
                "mks", 
                "member"
            ], 
            "object_id": "874"
        }
    }, 
    {
        "pk": "45", 
        "model": "facebook_feeds.facebook_persona", 
        "fields": {
            "main_feed": "45", 
            "content_type": [
                "mks", 
                "member"
            ], 
            "object_id": "862"
        }
    }, 
    {
        "pk": "42", 
        "model": "facebook_feeds.facebook_persona", 
        "fields": {
            "main_feed": "42", 
            "content_type": [
                "mks", 
                "member"
            ], 
            "object_id": "876"
        }
    }, 
    {
        "pk": "46", 
        "model": "facebook_feeds.facebook_persona", 
        "fields": {
            "main_feed": "46", 
            "content_type": [
                "mks", 
                "member"
            ], 
            "object_id": "896"
        }
    }, 
    {
        "pk": "6", 
        "model": "facebook_feeds.facebook_persona", 
        "fields": {
            "main_feed": "6", 
            "content_type": [
                "mks", 
                "member"
            ], 
            "object_id": "831"
        }
    }, 
    {
        "pk": "10", 
        "model": "facebook_feeds.facebook_persona", 
        "fields": {
            "main_feed": "10", 
            "content_type": [
                "mks", 
                "member"
            ], 
            "object_id": "881"
        }
    }, 
    {
        "pk": "8", 
        "model": "facebook_feeds.facebook_persona", 
        "fields": {
            "main_feed": "8", 
            "content_type": [
                "mks", 
                "member"
            ], 
            "object_id": "885"
        }
    }, 
    {
        "pk": "33", 
        "model": "facebook_feeds.facebook_persona", 
        "fields": {
            "main_feed": "33", 
            "content_type": [
                "mks", 
                "member"
            ], 
            "object_id": "880"
        }
    }, 
    {
        "pk": "61", 
        "model": "facebook_feeds.facebook_persona", 
        "fields": {
            "main_feed": "61", 
            "content_type": [
                "mks", 
                "member"
            ], 
            "object_id": "818"
        }
    }, 
    {
        "pk": "24", 
        "model": "facebook_feeds.facebook_persona", 
        "fields": {
            "main_feed": "24", 
            "content_type": [
                "mks", 
                "member"
            ], 
            "object_id": "843"
        }
    }, 
    {
        "pk": "20", 
        "model": "facebook_feeds.facebook_persona", 
        "fields": {
            "main_feed": "20", 
            "content_type": [
                "mks", 
                "member"
            ], 
            "object_id": "864"
        }
    }, 
    {
        "pk": "32", 
        "model": "facebook_feeds.facebook_persona", 
        "fields": {
            "main_feed": "32", 
            "content_type": [
                "mks", 
                "member"
            ], 
            "object_id": "122"
        }
    }, 
    {
        "pk": "68", 
        "model": "facebook_feeds.facebook_persona", 
        "fields": {
            "main_feed": "68", 
            "content_type": [
                "mks", 
                "member"
            ], 
            "object_id": "903"
        }
    }, 
    {
        "pk": "13", 
        "model": "facebook_feeds.facebook_persona", 
        "fields": {
            "main_feed": "13", 
            "content_type": [
                "mks", 
                "member"
            ], 
            "object_id": "891"
        }
    }, 
    {
        "pk": "11", 
        "model": "facebook_feeds.facebook_persona", 
        "fields": {
            "main_feed": "11", 
            "content_type": [
                "mks", 
                "member"
            ], 
            "object_id": "888"
        }
    }, 
    {
        "pk": "31", 
        "model": "facebook_feeds.facebook_persona", 
        "fields": {
            "main_feed": "31", 
            "content_type": [
                "mks", 
                "member"
            ], 
            "object_id": "875"
        }
    }, 
    {
        "pk": "40", 
        "model": "facebook_feeds.facebook_persona", 
        "fields": {
            "main_feed": "40", 
            "content_type": [
                "mks", 
                "member"
            ], 
            "object_id": "105"
        }
    }, 
    {
        "pk": "49", 
        "model": "facebook_feeds.facebook_persona", 
        "fields": {
            "main_feed": "49", 
            "content_type": [
                "mks", 
                "member"
            ], 
            "object_id": "866"
        }
    }, 
    {
        "pk": "62", 
        "model": "facebook_feeds.facebook_persona", 
        "fields": {
            "main_feed": "62", 
            "content_type": [
                "mks", 
                "member"
            ], 
            "object_id": "900"
        }
    }, 
    {
        "pk": "66", 
        "model": "facebook_feeds.facebook_persona", 
        "fields": {
            "main_feed": "66", 
            "content_type": [
                "mks", 
                "member"
            ], 
            "object_id": "835"
        }
    }, 
    {
        "pk": "27", 
        "model": "facebook_feeds.facebook_persona", 
        "fields": {
            "main_feed": "27", 
            "content_type": [
                "mks", 
                "member"
            ], 
            "object_id": "905"
        }
    }, 
    {
        "pk": "18", 
        "model": "facebook_feeds.facebook_persona", 
        "fields": {
            "main_feed": "18", 
            "content_type": [
                "mks", 
                "member"
            ], 
            "object_id": "45"
        }
    }, 
    {
        "pk": "47", 
        "model": "facebook_feeds.facebook_persona", 
        "fields": {
            "main_feed": "47", 
            "content_type": [
                "mks", 
                "member"
            ], 
            "object_id": "825"
        }
    }, 
    {
        "pk": "4", 
        "model": "facebook_feeds.facebook_persona", 
        "fields": {
            "main_feed": "4", 
            "content_type": [
                "mks", 
                "member"
            ], 
            "object_id": "213"
        }
    }, 
    {
        "pk": "19", 
        "model": "facebook_feeds.facebook_persona", 
        "fields": {
            "main_feed": "19", 
            "content_type": [
                "mks", 
                "member"
            ], 
            "object_id": "860"
        }
    }, 
    {
        "pk": "9", 
        "model": "facebook_feeds.facebook_persona", 
        "fields": {
            "main_feed": "9", 
            "content_type": [
                "mks", 
                "member"
            ], 
            "object_id": "114"
        }
    }, 
    {
        "pk": "16", 
        "model": "facebook_feeds.facebook_persona", 
        "fields": {
            "main_feed": "16", 
            "content_type": [
                "mks", 
                "member"
            ], 
            "object_id": "889"
        }
    }, 
    {
        "pk": "54", 
        "model": "facebook_feeds.facebook_persona", 
        "fields": {
            "main_feed": "54", 
            "content_type": [
                "mks", 
                "member"
            ], 
            "object_id": "720"
        }
    }, 
    {
        "pk": "41", 
        "model": "facebook_feeds.facebook_persona", 
        "fields": {
            "main_feed": "41", 
            "content_type": [
                "mks", 
                "member"
            ], 
            "object_id": "886"
        }
    }, 
    {
        "pk": "51", 
        "model": "facebook_feeds.facebook_persona", 
        "fields": {
            "main_feed": "51", 
            "content_type": [
                "mks", 
                "member"
            ], 
            "object_id": "782"
        }
    }, 
    {
        "pk": "65", 
        "model": "facebook_feeds.facebook_persona", 
        "fields": {
            "main_feed": "65", 
            "content_type": [
                "mks", 
                "member"
            ], 
            "object_id": "70"
        }
    }, 
    {
        "pk": "67", 
        "model": "facebook_feeds.facebook_persona", 
        "fields": {
            "main_feed": "67", 
            "content_type": [
                "mks", 
                "member"
            ], 
            "object_id": "823"
        }
    }, 
    {
        "pk": "71", 
        "model": "facebook_feeds.facebook_persona", 
        "fields": {
            "main_feed": "71", 
            "content_type": [
                "mks", 
                "member"
            ], 
            "object_id": "92"
        }
    }, 
    {
        "pk": "72", 
        "model": "facebook_feeds.facebook_persona", 
        "fields": {
            "main_feed": "72", 
            "content_type": [
                "mks", 
                "member"
            ], 
            "object_id": "78"
        }
    }, 
    {
        "pk": "73", 
        "model": "facebook_feeds.facebook_persona", 
        "fields": {
            "main_feed": "73", 
            "content_type": [
                "mks", 
                "member"
            ], 
            "object_id": "739"
        }
    }, 
    {
        "pk": "74", 
        "model": "facebook_feeds.facebook_persona", 
        "fields": {
            "main_feed": "74", 
            "content_type": [
                "mks", 
                "member"
            ], 
            "object_id": "842"
        }
    }, 
    {
        "pk": "75", 
        "model": "facebook_feeds.facebook_persona", 
        "fields": {
            "main_feed": "75", 
            "content_type": [
                "mks", 
                "member"
            ], 
            "object_id": "870"
        }
    }, 
    {
        "pk": "76", 
        "model": "facebook_feeds.facebook_persona", 
        "fields": {
            "main_feed": "76", 
            "content_type": [
                "mks", 
                "member"
            ], 
            "object_id": "845"
        }
    }, 
    {
        "pk": "77", 
        "model": "facebook_feeds.facebook_persona", 
        "fields": {
            "main_feed": "77", 
            "content_type": [
                "mks", 
                "member"
            ], 
            "object_id": "884"
        }
    }, 
    {
        "pk": "78", 
        "model": "facebook_feeds.facebook_persona", 
        "fields": {
            "main_feed": "78", 
            "content_type": [
                "mks", 
                "member"
            ], 
            "object_id": "863"
        }
    }, 
    {
        "pk": "79", 
        "model": "facebook_feeds.facebook_persona", 
        "fields": {
            "main_feed": "79", 
            "content_type": [
                "mks", 
                "member"
            ], 
            "object_id": "63"
        }
    }, 
    {
        "pk": "80", 
        "model": "facebook_feeds.facebook_persona", 
        "fields": {
            "main_feed": "80", 
            "content_type": [
                "mks", 
                "member"
            ], 
            "object_id": "20"
        }
    }, 
    {
        "pk": "81", 
        "model": "facebook_feeds.facebook_persona", 
        "fields": {
            "main_feed": "81", 
            "content_type": [
                "mks", 
                "member"
            ], 
            "object_id": "768"
        }
    }, 
    {
        "pk": "82", 
        "model": "facebook_feeds.facebook_persona", 
        "fields": {
            "main_feed": "82", 
            "content_type": [
                "mks", 
                "member"
            ], 
            "object_id": "893"
        }
    }, 
    {
        "pk": "83", 
        "model": "facebook_feeds.facebook_persona", 
        "fields": {
            "main_feed": "83", 
            "content_type": [
                "mks", 
                "member"
            ], 
            "object_id": "212"
        }
    }, 
    {
        "pk": "84", 
        "model": "facebook_feeds.facebook_persona", 
        "fields": {
            "main_feed": "84", 
            "content_type": [
                "mks", 
                "member"
            ], 
            "object_id": "837"
        }
    }, 
    {
        "pk": "85", 
        "model": "facebook_feeds.facebook_persona", 
        "fields": {
            "main_feed": "85", 
            "content_type": [
                "mks", 
                "member"
            ], 
            "object_id": "695"
        }
    }, 
    {
        "pk": "86", 
        "model": "facebook_feeds.facebook_persona", 
        "fields": {
            "main_feed": "86", 
            "content_type": [
                "mks", 
                "member"
            ], 
            "object_id": "790"
        }
    }, 
    {
        "pk": "87", 
        "model": "facebook_feeds.facebook_persona", 
        "fields": {
            "main_feed": "87", 
            "content_type": [
                "mks", 
                "member"
            ], 
            "object_id": "826"
        }
    }, 
    {
        "pk": "88", 
        "model": "facebook_feeds.facebook_persona", 
        "fields": {
            "main_feed": "88", 
            "content_type": [
                "mks", 
                "member"
            ], 
            "object_id": "119"
        }
    }, 
    {
        "pk": "89", 
        "model": "facebook_feeds.facebook_persona", 
        "fields": {
            "main_feed": "89", 
            "content_type": [
                "mks", 
                "member"
            ], 
            "object_id": "197"
        }
    }, 
    {
        "pk": "90", 
        "model": "facebook_feeds.facebook_persona", 
        "fields": {
            "main_feed": "90", 
            "content_type": [
                "mks", 
                "member"
            ], 
            "object_id": "895"
        }
    }, 
    {
        "pk": "91", 
        "model": "facebook_feeds.facebook_persona", 
        "fields": {
            "main_feed": "91", 
            "content_type": [
                "mks", 
                "member"
            ], 
            "object_id": "206"
        }
    }, 
    {
        "pk": "92", 
        "model": "facebook_feeds.facebook_persona", 
        "fields": {
            "main_feed": "92", 
            "content_type": [
                "mks", 
                "member"
            ], 
            "object_id": "77"
        }
    }, 
    {
        "pk": "93", 
        "model": "facebook_feeds.facebook_persona", 
        "fields": {
            "main_feed": "93", 
            "content_type": [
                "mks", 
                "member"
            ], 
            "object_id": "869"
        }
    }, 
    {
        "pk": "94", 
        "model": "facebook_feeds.facebook_persona", 
        "fields": {
            "main_feed": "94", 
            "content_type": [
                "mks", 
                "member"
            ], 
            "object_id": "892"
        }
    }, 
    {
        "pk": "95", 
        "model": "facebook_feeds.facebook_persona", 
        "fields": {
            "main_feed": "95", 
            "content_type": [
                "mks", 
                "member"
            ], 
            "object_id": "879"
        }
    }, 
    {
        "pk": "96", 
        "model": "facebook_feeds.facebook_persona", 
        "fields": {
            "main_feed": "96", 
            "content_type": [
                "mks", 
                "member"
            ], 
            "object_id": "859"
        }
    }, 
    {
        "pk": "97", 
        "model": "facebook_feeds.facebook_persona", 
        "fields": {
            "main_feed": "97", 
            "content_type": [
                "mks", 
                "member"
            ], 
            "object_id": "883"
        }
    }, 
    {
        "pk": "98", 
        "model": "facebook_feeds.facebook_persona", 
        "fields": {
            "main_feed": "98", 
            "content_type": [
                "mks", 
                "member"
            ], 
            "object_id": "871"
        }
    }, 
    {
        "pk": "99", 
        "model": "facebook_feeds.facebook_persona", 
        "fields": {
            "main_feed": "99", 
            "content_type": [
                "mks", 
                "member"
            ], 
            "object_id": "857"
        }
    }, 
    {
        "pk": "100", 
        "model": "facebook_feeds.facebook_persona", 
        "fields": {
            "main_feed": "100", 
            "content_type": [
                "mks", 
                "member"
            ], 
            "object_id": "754"
        }
    }, 
    {
        "pk": "101", 
        "model": "facebook_feeds.facebook_persona", 
        "fields": {
            "main_feed": "101", 
            "content_type": [
                "mks", 
                "member"
            ], 
            "object_id": "793"
        }
    }, 
    {
        "pk": "102", 
        "model": "facebook_feeds.facebook_persona", 
        "fields": {
            "main_feed": "102", 
            "content_type": [
                "mks", 
                "member"
            ], 
            "object_id": "861"
        }
    }, 
    {
        "pk": "103", 
        "model": "facebook_feeds.facebook_persona", 
        "fields": {
            "main_feed": "103", 
            "content_type": [
                "mks", 
                "member"
            ], 
            "object_id": "873"
        }
    }, 
    {
        "pk": "104", 
        "model": "facebook_feeds.facebook_persona", 
        "fields": {
            "main_feed": "104", 
            "content_type": [
                "mks", 
                "member"
            ], 
            "object_id": "789"
        }
    }, 
    {
        "pk": "105", 
        "model": "facebook_feeds.facebook_persona", 
        "fields": {
            "main_feed": "105", 
            "content_type": [
                "mks", 
                "member"
            ], 
            "object_id": "805"
        }
    }, 
    {
        "pk": "106", 
        "model": "facebook_feeds.facebook_persona", 
        "fields": {
            "main_feed": "106", 
            "content_type": [
                "mks", 
                "member"
            ], 
            "object_id": "829"
        }
    }, 
    {
        "pk": "107", 
        "model": "facebook_feeds.facebook_persona", 
        "fields": {
            "main_feed": "107", 
            "content_type": [
                "mks", 
                "member"
            ], 
            "object_id": "906"
        }
    }, 
    {
        "pk": "1", 
        "model": "facebook_feeds.tag", 
        "fields": {
            "name": "\u05d1\u05d8\u05d7\u05d5\u05df", 
            "statuses": ""
        }
    }, 
    {
        "pk": "2", 
        "model": "facebook_feeds.tag", 
        "fields": {
            "name": "\u05d7\u05d5\u05e5", 
            "statuses": ""
        }
    }, 
    {
        "pk": "3", 
        "model": "facebook_feeds.tag", 
        "fields": {
            "name": "\u05db\u05dc\u05db\u05dc\u05d4", 
            "statuses": ""
        }
    }, 
    {
        "pk": "4", 
        "model": "facebook_feeds.tag", 
        "fields": {
            "name": "\u05d1\u05e8\u05d9\u05d0\u05d5\u05ea", 
            "statuses": ""
        }
    }, 
    {
        "pk": "5", 
        "model": "facebook_feeds.tag", 
        "fields": {
            "name": "\u05e1\u05d1\u05d9\u05d1\u05d4", 
            "statuses": ""
        }
    }, 
    {
        "pk": "6", 
        "model": "facebook_feeds.tag", 
        "fields": {
            "name": "\u05e8\u05d5\u05d5\u05d7\u05d4", 
            "statuses": ""
        }
    }, 
    {
        "pk": "7", 
        "model": "facebook_feeds.tag", 
        "fields": {
            "name": "\u05e1\u05e4\u05d5\u05e8\u05d8", 
            "statuses": ""
        }
    }, 
    {
        "pk": "8", 
        "model": "facebook_feeds.tag", 
        "fields": {
            "name": "\u05d0\u05d9\u05e9\u05d9", 
            "statuses": ""
        }
    }, 
    {
        "pk": "9", 
        "model": "facebook_feeds.tag", 
        "fields": {
            "name": "\u05ea\u05e8\u05d1\u05d5\u05ea", 
            "statuses": ""
        }
    }, 
    {
        "pk": "10", 
        "model": "facebook_feeds.tag", 
        "fields": {
            "name": "\u05de\u05d3\u05e2", 
            "statuses": ""
        }
    }, 
    {
        "pk": "11", 
        "model": "facebook_feeds.tag", 
        "fields": {
            "name": "\u05d4\u05e1\u05e4\u05d3", 
            "statuses": ""
        }
    },
    {
        "pk": 1,
        "model": "facebook_feeds.status_comment_pattern",
        "fields": {
            "pattern": "{name} likes"
        }
    },
    {
        "pk": 2,
        "model": "facebook_feeds.status_comment_pattern",
        "fields": {
            "pattern": "{name} liked"
        }
    },
    {
        "pk": 3,
        "model": "facebook_feeds.status_comment_pattern",
        "fields": {
            "pattern": "{name} commented"
        }
    },
    {
        "pk": 4,
        "model": "facebook_feeds.status_comment_pattern",
        "fields": {
            "pattern": "{name} replied"
        }
    }
]