[
    {
    "pk": 1,
    "model": "planet.generator",
    "fields": {
        "version": null,
        "link": null,
        "name": "http://wordpress.org/?v=2.6.5"
    }
},
{
    "pk": 2,
    "model": "planet.generator",
    "fields": {
        "version": null,
        "link": null,
        "name": "[dex] social CMS"
    }
},
{
    "pk": 3,
    "model": "planet.generator",
    "fields": {
        "version": null,
        "link": null,
        "name": "http://wordpress.org/?v=2.6.2"
    }
},
{
    "pk": 4,
    "model": "planet.generator",
    "fields": {
        "version": null,
        "link": null,
        "name": "http://wordpress.org/?v=2.9.1"
    }
},
{
    "pk": 5,
    "model": "planet.generator",
    "fields": {
        "version": null,
        "link": null,
        "name": "http://wordpress.org/?v=2.9.2"
    }
},
{
    "pk": 6,
    "model": "planet.generator",
    "fields": {
        "version": null,
        "link": null,
        "name": "http://wordpress.org/?v=2.8"
    }
},
{
    "pk": 7,
    "model": "planet.generator",
    "fields": {
        "version": "2.9.2",
        "link": null,
        "name": "WordPress"
    }
},
{
    "pk": 8,
    "model": "planet.generator",
    "fields": {
        "version": null,
        "link": null,
        "name": "http://wordpress.org/?v=2.8.6"
    }
},
{
    "pk": 9,
    "model": "planet.generator",
    "fields": {
        "version": "7.00",
        "link": null,
        "name": "Blogger"
    }
},
{
    "pk": 11,
    "model": "planet.generator",
    "fields": {
        "version": null,
        "link": null,
        "name": "http://wordpress.org/?v=3.2.1"
    }
},
{
    "pk": 1, 
    "model": "planet.feed", 
    "fields": {
        "info": null, 
        "subtitle": "\u202b\u05d4\u05d1\u05dc\u05d5\u05d2 \u05d4\u05e8\u05e9\u05de\u05d9 \u05e9\u05dc \u05d0\u05d1\u05d9 \u05d3\u05d9\u05db\u05d8\u05e8\u202c", 
        "language": "he", 
        "generator": 1, 
        "rights": null, 
        "url": "http://www.dichter.co.il/?feed=rss2", 
        "icon_url": null, 
        "title": "\u202b\u05d4\u05d1\u05dc\u05d5\u05d2 \u05e9\u05dc \u05d0\u05d1\u05d9 \u05d3\u05d9\u05db\u05d8\u05e8\u202c", 
        "is_active": true, 
        "site": 1, 
        "blog": 1, 
        "etag": "\"3dacfc250fdf53f606278339e95000d9\"", 
        "image_url": null, 
        "last_modified": "2012-10-14T02:01:19.853", 
        "last_checked": "2013-09-14T14:01:12.248", 
        "guid": null
    }
},
{
    "pk": 2, 
    "model": "planet.feed", 
    "fields": {
        "info": null, 
        "subtitle": "", 
        "language": "he", 
        "generator": 2, 
        "rights": null, 
        "url": "http://ehudbarak.cafe.themarker.com/backend/view.php?u=222989", 
        "icon_url": null, 
        "title": "\u05d0\u05d4\u05d5\u05d3 \u05d1\u05e8\u05e7", 
        "is_active": true, 
        "site": 1, 
        "blog": 2, 
        "etag": null, 
        "image_url": "http://ehudbarak.cafe.themarker.com//nodes/u/222/989/file_0_s.jpg", 
        "last_modified": "2010-06-30T22:01:08.002", 
        "last_checked": "2013-09-14T14:01:04.750", 
        "guid": null
    }
},
{
    "pk": 3, 
    "model": "planet.feed", 
    "fields": {
        "info": null, 
        "subtitle": "\u202b\u05de\u05e9\u05e0\u05d9\u05dd \u05d0\u05ea \u05d4\u05ea\u05de\u05d5\u05e0\u05d4\u202c", 
        "language": "he", 
        "generator": 3, 
        "rights": null, 
        "url": "http://www.netanyahu.org.il/blog/feed/?author=81", 
        "icon_url": null, 
        "title": "\u202b\u05d4\u05d1\u05dc\u05d5\u05d2 \u05e9\u05dc \u05d4\u05dc\u05d9\u05db\u05d5\u05d3 \u00bb \u05d0\u05d5\u05e4\u05d9\u05e8 \u05d0\u05e7\u05d5\u05e0\u05d9\u05e1\u202c", 
        "is_active": true, 
        "site": 1, 
        "blog": 3, 
        "etag": "\"0dce3a7a792e15f9001c50aa66609e8d\"-gzip", 
        "image_url": null, 
        "last_modified": "2012-08-06T14:01:18.275", 
        "last_checked": "2013-09-14T14:01:15.164", 
        "guid": null
    }
},
{
    "pk": 4, 
    "model": "planet.feed", 
    "fields": {
        "info": null, 
        "subtitle": "\u05d4\u05d1\u05dc\u05d5\u05d2 \u05e9\u05dc \u05d7&quot;\u05db \u05d0\u05d5\u05e4\u05d9\u05e8 \u05e4\u05d9\u05e0\u05e1-\u05e4\u05d6", 
        "language": "he", 
        "generator": null, 
        "rights": "Copyright 2010 Tapuz All Rights Reserved.", 
        "url": "http://www.tapuz.co.il/blog/rssBlog.asp?FolderName=pinespaz", 
        "icon_url": null, 
        "title": "\u05d4\u05d1\u05dc\u05d5\u05d2 \u05e9\u05dc \u05d7\"\u05db \u05d0\u05d5\u05e4\u05d9\u05e8 \u05e4\u05d9\u05e0\u05e1-\u05e4\u05d6 - \u05ea\u05e4\u05d5\u05d6 \u05d1\u05dc\u05d5\u05d2\u05d9\u05dd", 
        "is_active": true, 
        "site": 1, 
        "blog": 4, 
        "etag": null, 
        "image_url": "http://www.tapuz.co.il/rssCenter/images/tapuz_rss.jpg", 
        "last_modified": "2010-05-24T10:55:41.372", 
        "last_checked": "2013-09-14T14:01:25.759", 
        "guid": null
    }
},
{
    "pk": 6, 
    "model": "planet.feed", 
    "fields": {
        "info": null, 
        "subtitle": "\u202b\u05de\u05e9\u05e0\u05d9\u05dd \u05d0\u05ea \u05d4\u05ea\u05de\u05d5\u05e0\u05d4\u202c", 
        "language": "he", 
        "generator": 3, 
        "rights": null, 
        "url": "http://www.netanyahu.org.il/blog/feed/?author=93", 
        "icon_url": null, 
        "title": "\u202b\u05d4\u05d1\u05dc\u05d5\u05d2 \u05e9\u05dc \u05d4\u05dc\u05d9\u05db\u05d5\u05d3 \u00bb \u05d0\u05d9\u05d5\u05d1 \u05e7\u05e8\u05d0\u202c", 
        "is_active": true, 
        "site": 1, 
        "blog": 3, 
        "etag": "\"0dce3a7a792e15f9001c50aa66609e8d\"-gzip", 
        "image_url": null, 
        "last_modified": "2012-08-13T02:01:18.578", 
        "last_checked": "2013-09-14T14:01:15.782", 
        "guid": null
    }
},
{
    "pk": 7, 
    "model": "planet.feed", 
    "fields": {
        "info": null, 
        "subtitle": "", 
        "language": "he", 
        "generator": 2, 
        "rights": null, 
        "url": "http://ilangilon.cafe.themarker.com/backend/view.php?u=230238", 
        "icon_url": null, 
        "title": "\u05d0\u05d9\u05dc\u05df \u05d2\u05d9\u05dc\u05d0\u05d5\u05df", 
        "is_active": true, 
        "site": 1, 
        "blog": 6, 
        "etag": null, 
        "image_url": "http://ilangilon.cafe.themarker.com//nodes/u/230/238/file_0_s.jpg", 
        "last_modified": "2010-06-30T22:01:18.977", 
        "last_checked": "2013-09-14T14:01:07.048", 
        "guid": null
    }
},
{
    "pk": 8, 
    "model": "planet.feed", 
    "fields": {
        "info": null, 
        "subtitle": "\u05d1\u05e1\"\u05d3 \n\u05d4\u05d1\u05dc\u05d5\u05d2 \u05de\u05d9\u05d9\u05e6\u05d2 \u05d0\u05ea \u05d4\u05d7\u05d9\u05d9\u05dd \u05e9\u05e2\u05d5\u05d1\u05e8\u05d9\u05dd \u05d9\u05d5\u05dd \u05d9\u05d5\u05dd \u05d7\u05d1\u05e8\u05d9 \u05d4\u05db\u05e0\u05e1\u05ea \u05de\u05e1\u05d9\u05e2\u05ea \u05e9\"\u05e1 \u05d5\u05d1\u05e8\u05d0\u05e9\u05dd \u05d0\u05dc\u05d9 \u05d9\u05e9\u05d9, \u05d1\u05de\u05e1\u05e2\u05dd \u05dc\u05e7\u05e8\u05d0\u05ea \u05d4\u05d1\u05d7\u05d9\u05e8\u05d5\u05ea \u05d1\u05e4\u05d1\u05e8\u05d5\u05d0\u05e8 2009 \u05d5\u05d4\u05d7\u05d9\u05d9\u05dd \u05d1\u05d9\u05e9\u05e8\u05d0\u05dc \u05d1\u05e6\u05dc \u05d4\u05e1\u05d9\u05db\u05d5\u05e0\u05d9\u05dd \u05d5\u05d4\u05de\u05ea\u05d9\u05d7\u05d5\u05ea...", 
        "language": "he", 
        "generator": null, 
        "rights": "Copyright 2010 \u05d0\u05dc\u05d9 \u05d9\u05e9\u05d9. All Rights Reserved.", 
        "url": "http://israblog.nana10.co.il/blog_rss.asp?blog=613076", 
        "icon_url": null, 
        "title": "\u05d4\u05d1\u05dc\u05d5\u05d2 \u05e9\u05dc \u05d0\u05dc\u05d9 \u05d9\u05e9\u05d9", 
        "is_active": true, 
        "site": 1, 
        "blog": 8, 
        "etag": null, 
        "image_url": "http://f.nau.co.il/upload/Xternal/IsraBlog/76/30/61/613076/misc/17692830.JPG", 
        "last_modified": "2010-05-24T10:54:37.179", 
        "last_checked": "2013-09-14T14:01:14.559", 
        "guid": null
    }
},
{
    "pk": 9, 
    "model": "planet.feed", 
    "fields": {
        "info": null, 
        "subtitle": "\u05d0\u05e7\u05d8\u05d5\u05d0\u05dc\u05d9\u05d4 \u05e9\u05dc \u05d4\u05d9\u05d5\u05dd,\u05d3\u05d9\u05d0\u05dc\u05d5\u05d2 \u05d0\u05dc \u05d7\u05e9\u05d9\u05d1\u05d5\u05ea \u05de\u05e0\u05d4\u05d9\u05d2\u05d5\u05ea \u05d1\u05e7\u05e8\u05d1 \u05d4\u05e6\u05e2\u05d9\u05e8\u05d9\u05dd,\u05e8\u05e2\u05d9\u05d5\u05e0\u05d5\u05ea, \u05d4\u05e6\u05e2\u05d5\u05ea \u05d7\u05d5\u05e7.", 
        "language": "he", 
        "generator": null, 
        "rights": "Copyright 2010 Tapuz All Rights Reserved.", 
        "url": "http://www.tapuz.co.il/blog/rssBlog.asp?FolderName=amiller", 
        "icon_url": null, 
        "title": "\u05d7\"\u05db \u05d0\u05dc\u05db\u05e1 \u05de\u05d9\u05dc\u05e8 - \u05ea\u05e4\u05d5\u05d6 \u05d1\u05dc\u05d5\u05d2\u05d9\u05dd", 
        "is_active": true, 
        "site": 1, 
        "blog": 9, 
        "etag": null, 
        "image_url": "http://www.tapuz.co.il/rssCenter/images/tapuz_rss.jpg", 
        "last_modified": "2010-05-24T10:55:44.159", 
        "last_checked": "2013-09-14T14:01:30.907", 
        "guid": null
    }
},
{
    "pk": 10, 
    "model": "planet.feed", 
    "fields": {
        "info": null, 
        "subtitle": "\u202b\u05de\u05e9\u05e0\u05d9\u05dd \u05d0\u05ea \u05d4\u05ea\u05de\u05d5\u05e0\u05d4\u202c", 
        "language": "he", 
        "generator": 3, 
        "rights": null, 
        "url": "http://www.netanyahu.org.il/blog/feed/?author=63", 
        "icon_url": null, 
        "title": "\u202b\u05d4\u05d1\u05dc\u05d5\u05d2 \u05e9\u05dc \u05d4\u05dc\u05d9\u05db\u05d5\u05d3 \u00bb \u05d1\u05e0\u05d9\u05de\u05d9\u05df \u05e0\u05ea\u05e0\u05d9\u05d4\u05d5\u202c", 
        "is_active": true, 
        "site": 1, 
        "blog": 3, 
        "etag": "\"0dce3a7a792e15f9001c50aa66609e8d\"-gzip", 
        "image_url": null, 
        "last_modified": "2012-03-23T02:01:34.575", 
        "last_checked": "2013-09-14T14:01:16.300", 
        "guid": null
    }
},
{
    "pk": 11, 
    "model": "planet.feed", 
    "fields": {
        "info": null, 
        "subtitle": "\u202b\u05de\u05e9\u05e0\u05d9\u05dd \u05d0\u05ea \u05d4\u05ea\u05de\u05d5\u05e0\u05d4\u202c", 
        "language": "he", 
        "generator": 3, 
        "rights": null, 
        "url": "http://www.netanyahu.org.il/blog/feed/?author=64", 
        "icon_url": null, 
        "title": "\u202b\u05d4\u05d1\u05dc\u05d5\u05d2 \u05e9\u05dc \u05d4\u05dc\u05d9\u05db\u05d5\u05d3 \u00bb \u05d2\u05d3\u05e2\u05d5\u05df \u05e1\u05e2\u05e8\u202c", 
        "is_active": true, 
        "site": 1, 
        "blog": 3, 
        "etag": "\"0dce3a7a792e15f9001c50aa66609e8d\"-gzip", 
        "image_url": null, 
        "last_modified": "2011-09-12T08:01:21.815", 
        "last_checked": "2013-09-14T14:01:16.692", 
        "guid": null
    }
},
{
    "pk": 12, 
    "model": "planet.feed", 
    "fields": {
        "info": null, 
        "subtitle": "\u202b\u05de\u05e9\u05e0\u05d9\u05dd \u05d0\u05ea \u05d4\u05ea\u05de\u05d5\u05e0\u05d4\u202c", 
        "language": "he", 
        "generator": 3, 
        "rights": null, 
        "url": "http://www.netanyahu.org.il/blog/feed/?author=83", 
        "icon_url": null, 
        "title": "\u202b\u05d4\u05d1\u05dc\u05d5\u05d2 \u05e9\u05dc \u05d4\u05dc\u05d9\u05db\u05d5\u05d3 \u00bb \u05d2\u05d9\u05dc\u05d4 \u05d2\u05de\u05dc\u05d9\u05d0\u05dc\u202c", 
        "is_active": true, 
        "site": 1, 
        "blog": 3, 
        "etag": "\"0dce3a7a792e15f9001c50aa66609e8d\"-gzip", 
        "image_url": null, 
        "last_modified": "2012-06-12T14:01:45.825", 
        "last_checked": "2013-09-14T14:01:17.058", 
        "guid": null
    }
},
{
    "pk": 13, 
    "model": "planet.feed", 
    "fields": {
        "info": null, 
        "subtitle": "", 
        "language": "he", 
        "generator": 2, 
        "rights": null, 
        "url": "http://cafe.themarker.com/backend/view.php?u=222809", 
        "icon_url": null, 
        "title": "\u05d2\u05dc\u05e2\u05d3 \u05d0\u05e8\u05d3\u05df", 
        "is_active": true, 
        "site": 1, 
        "blog": 13, 
        "etag": null, 
        "image_url": "http://www.cafe.themarker.com//nodes/u/222/806/file_0_s.jpg", 
        "last_modified": "2010-06-30T22:01:22.943", 
        "last_checked": "2013-09-14T14:01:08.299", 
        "guid": null
    }
},
{
    "pk": 14, 
    "model": "planet.feed", 
    "fields": {
        "info": null, 
        "subtitle": "\u202b\u05d4\u05d0\u05ea\u05e8 \u05e9\u05dc \u05d3\u05d1 \u05d7\u05e0\u05d9\u05df\u202c", 
        "language": "he", 
        "generator": 4, 
        "rights": null, 
        "url": "http://www.dovblog.org/feed", 
        "icon_url": null, 
        "title": "\u202b\u05d4\u05d0\u05ea\u05e8 \u05e9\u05dc \u05d3\u05d1 \u05d7\u05e0\u05d9\u05df\u202c", 
        "is_active": true, 
        "site": 1, 
        "blog": 14, 
        "etag": "2Rt89umsaZj4/lh/NCW5cgKYgpE", 
        "image_url": null, 
        "last_modified": "2013-08-09T14:01:18.784", 
        "last_checked": "2013-09-14T14:01:08.863", 
        "guid": null
    }
},
{
    "pk": 15, 
    "model": "planet.feed", 
    "fields": {
        "info": null, 
        "subtitle": "\u202b\u05de\u05e9\u05e0\u05d9\u05dd \u05d0\u05ea \u05d4\u05ea\u05de\u05d5\u05e0\u05d4\u202c", 
        "language": "he", 
        "generator": 3, 
        "rights": null, 
        "url": "http://www.netanyahu.org.il/blog/feed/?author=90", 
        "icon_url": null, 
        "title": "\u202b\u05d4\u05d1\u05dc\u05d5\u05d2 \u05e9\u05dc \u05d4\u05dc\u05d9\u05db\u05d5\u05d3 \u00bb \u05d3\u05df \u05de\u05e8\u05d9\u05d3\u05d5\u05e8\u202c", 
        "is_active": true, 
        "site": 1, 
        "blog": 3, 
        "etag": "\"0dce3a7a792e15f9001c50aa66609e8d\"-gzip", 
        "image_url": null, 
        "last_modified": "2010-05-24T10:54:53.189", 
        "last_checked": "2013-09-14T14:01:17.631", 
        "guid": null
    }
},
{
    "pk": 16, 
    "model": "planet.feed", 
    "fields": {
        "info": null, 
        "subtitle": "\u202b\u05de\u05e9\u05e0\u05d9\u05dd \u05d0\u05ea \u05d4\u05ea\u05de\u05d5\u05e0\u05d4\u202c", 
        "language": "he", 
        "generator": 3, 
        "rights": null, 
        "url": "http://www.netanyahu.org.il/blog/feed/?author=84", 
        "icon_url": null, 
        "title": "\u202b\u05d4\u05d1\u05dc\u05d5\u05d2 \u05e9\u05dc \u05d4\u05dc\u05d9\u05db\u05d5\u05d3 \u00bb \u05d3\u05e0\u05d9 \u05d3\u05e0\u05d5\u05df\u202c", 
        "is_active": true, 
        "site": 1, 
        "blog": 3, 
        "etag": "\"0dce3a7a792e15f9001c50aa66609e8d\"-gzip", 
        "image_url": null, 
        "last_modified": "2011-03-24T16:01:36.810", 
        "last_checked": "2013-09-14T14:01:18.189", 
        "guid": null
    }
},
{
    "pk": 17, 
    "model": "planet.feed", 
    "fields": {
        "info": null, 
        "subtitle": "\u202b\u05de\u05e9\u05e0\u05d9\u05dd \u05d0\u05ea \u05d4\u05ea\u05de\u05d5\u05e0\u05d4\u202c", 
        "language": "he", 
        "generator": 3, 
        "rights": null, 
        "url": "http://www.netanyahu.org.il/blog/feed/?author=80", 
        "icon_url": null, 
        "title": "\u202b\u05d4\u05d1\u05dc\u05d5\u05d2 \u05e9\u05dc \u05d4\u05dc\u05d9\u05db\u05d5\u05d3 \u00bb \u05d6\u05d0\u05d1 \u05d0\u05dc\u05e7\u05d9\u05df\u202c", 
        "is_active": true, 
        "site": 1, 
        "blog": 3, 
        "etag": "\"0dce3a7a792e15f9001c50aa66609e8d\"-gzip", 
        "image_url": null, 
        "last_modified": "2012-07-18T02:01:26.353", 
        "last_checked": "2013-09-14T14:01:18.698", 
        "guid": null
    }
},
{
    "pk": 19, 
    "model": "planet.feed", 
    "fields": {
        "info": null, 
        "subtitle": "\u202b\u05de\u05e9\u05e0\u05d9\u05dd \u05d0\u05ea \u05d4\u05ea\u05de\u05d5\u05e0\u05d4\u202c", 
        "language": "he", 
        "generator": 3, 
        "rights": null, 
        "url": "http://www.netanyahu.org.il/blog/feed/?author=82", 
        "icon_url": null, 
        "title": "\u202b\u05d4\u05d1\u05dc\u05d5\u05d2 \u05e9\u05dc \u05d4\u05dc\u05d9\u05db\u05d5\u05d3 \u00bb \u05d6\u05d0\u05d1 \u05d1\u05e0\u05d9\u05de\u05d9\u05df \u05d1\u05d2\u05d9\u05df\u202c", 
        "is_active": true, 
        "site": 1, 
        "blog": 3, 
        "etag": "\"0dce3a7a792e15f9001c50aa66609e8d\"-gzip", 
        "image_url": null, 
        "last_modified": "2010-05-24T10:54:59.790", 
        "last_checked": "2013-09-14T14:01:19.036", 
        "guid": null
    }
},
{
    "pk": 20, 
    "model": "planet.feed", 
    "fields": {
        "info": null, 
        "subtitle": "\u202b\u05de\u05e9\u05e0\u05d9\u05dd \u05d0\u05ea \u05d4\u05ea\u05de\u05d5\u05e0\u05d4\u202c", 
        "language": "he", 
        "generator": 3, 
        "rights": null, 
        "url": "http://www.netanyahu.org.il/blog/feed/?author=86", 
        "icon_url": null, 
        "title": "\u202b\u05d4\u05d1\u05dc\u05d5\u05d2 \u05e9\u05dc \u05d4\u05dc\u05d9\u05db\u05d5\u05d3 \u00bb \u05d7\u05d9\u05d9\u05dd \u05db\u05e5\u202c", 
        "is_active": true, 
        "site": 1, 
        "blog": 3, 
        "etag": "\"0dce3a7a792e15f9001c50aa66609e8d\"-gzip", 
        "image_url": null, 
        "last_modified": "2010-05-24T10:55:01.289", 
        "last_checked": "2013-09-14T14:01:19.422", 
        "guid": null
    }
},
{
    "pk": 21, 
    "model": "planet.feed", 
    "fields": {
        "info": null, 
        "subtitle": "\u202b\u05de\u05e9\u05e0\u05d9\u05dd \u05d0\u05ea \u05d4\u05ea\u05de\u05d5\u05e0\u05d4\u202c", 
        "language": "he", 
        "generator": 3, 
        "rights": null, 
        "url": "http://www.netanyahu.org.il/blog/feed/?author=67", 
        "icon_url": null, 
        "title": "\u202b\u05d4\u05d1\u05dc\u05d5\u05d2 \u05e9\u05dc \u05d4\u05dc\u05d9\u05db\u05d5\u05d3 \u00bb \u05d9\u05d5\u05d1\u05dc \u05e9\u05d8\u05d9\u05d9\u05e0\u05d9\u05e5\u202c", 
        "is_active": true, 
        "site": 1, 
        "blog": 3, 
        "etag": "\"0dce3a7a792e15f9001c50aa66609e8d\"-gzip", 
        "image_url": null, 
        "last_modified": "2011-03-01T14:01:34.820", 
        "last_checked": "2013-09-14T14:01:19.798", 
        "guid": null
    }
},
{
    "pk": 22, 
    "model": "planet.feed", 
    "fields": {
        "info": null, 
        "subtitle": "\u202b\u05de\u05e9\u05e0\u05d9\u05dd \u05d0\u05ea \u05d4\u05ea\u05de\u05d5\u05e0\u05d4\u202c", 
        "language": "he", 
        "generator": 3, 
        "rights": null, 
        "url": "http://www.netanyahu.org.il/blog/feed/?author=79", 
        "icon_url": null, 
        "title": "\u202b\u05d4\u05d1\u05dc\u05d5\u05d2 \u05e9\u05dc \u05d4\u05dc\u05d9\u05db\u05d5\u05d3 \u00bb \u05d9\u05d5\u05dc\u05d9 \u05d0\u05d3\u05dc\u05e9\u05d8\u05d9\u05d9\u05df\u202c", 
        "is_active": true, 
        "site": 1, 
        "blog": 3, 
        "etag": "\"0dce3a7a792e15f9001c50aa66609e8d\"-gzip", 
        "image_url": null, 
        "last_modified": "2012-05-20T14:01:32.967", 
        "last_checked": "2013-09-14T14:01:20.175", 
        "guid": null
    }
},
{
    "pk": 23, 
    "model": "planet.feed", 
    "fields": {
        "info": null, 
        "subtitle": "\u202b\u05de\u05e9\u05e0\u05d9\u05dd \u05d0\u05ea \u05d4\u05ea\u05de\u05d5\u05e0\u05d4\u202c", 
        "language": "he", 
        "generator": 3, 
        "rights": null, 
        "url": "http://www.netanyahu.org.il/blog/feed/?author=97", 
        "icon_url": null, 
        "title": "\u202b\u05d4\u05d1\u05dc\u05d5\u05d2 \u05e9\u05dc \u05d4\u05dc\u05d9\u05db\u05d5\u05d3 \u00bb \u05d9\u05d5\u05e1\u05d9 \u05e4\u05dc\u05d3\u202c", 
        "is_active": true, 
        "site": 1, 
        "blog": 3, 
        "etag": "\"0dce3a7a792e15f9001c50aa66609e8d\"-gzip", 
        "image_url": null, 
        "last_modified": "2010-08-01T14:01:27.743", 
        "last_checked": "2013-09-14T14:01:20.602", 
        "guid": null
    }
},
{
    "pk": 24, 
    "model": "planet.feed", 
    "fields": {
        "info": null, 
        "subtitle": "\u202b\u05de\u05e9\u05e0\u05d9\u05dd \u05d0\u05ea \u05d4\u05ea\u05de\u05d5\u05e0\u05d4\u202c", 
        "language": "he", 
        "generator": 3, 
        "rights": null, 
        "url": "http://www.netanyahu.org.il/blog/feed/?author=89", 
        "icon_url": null, 
        "title": "\u202b\u05d4\u05d1\u05dc\u05d5\u05d2 \u05e9\u05dc \u05d4\u05dc\u05d9\u05db\u05d5\u05d3 \u00bb \u05d9\u05e8\u05d9\u05d1 \u05dc\u05d5\u05d9\u05df\u202c", 
        "is_active": true, 
        "site": 1, 
        "blog": 3, 
        "etag": "\"0dce3a7a792e15f9001c50aa66609e8d\"-gzip", 
        "image_url": null, 
        "last_modified": "2011-11-09T20:01:33.936", 
        "last_checked": "2013-09-14T14:01:20.958", 
        "guid": null
    }
},
{
    "pk": 25, 
    "model": "planet.feed", 
    "fields": {
        "info": null, 
        "subtitle": "\u202b\u05de\u05e9\u05e0\u05d9\u05dd \u05d0\u05ea \u05d4\u05ea\u05de\u05d5\u05e0\u05d4\u202c", 
        "language": "he", 
        "generator": 3, 
        "rights": null, 
        "url": "http://www.netanyahu.org.il/blog/feed/?author=87", 
        "icon_url": null, 
        "title": "\u202b\u05d4\u05d1\u05dc\u05d5\u05d2 \u05e9\u05dc \u05d4\u05dc\u05d9\u05db\u05d5\u05d3 \u00bb \u05d9\u05e9\u05e8\u05d0\u05dc \u05db\u05e5\u202c", 
        "is_active": true, 
        "site": 1, 
        "blog": 3, 
        "etag": "\"0dce3a7a792e15f9001c50aa66609e8d\"-gzip", 
        "image_url": null, 
        "last_modified": "2011-10-02T18:01:45.385", 
        "last_checked": "2013-09-14T14:01:21.337", 
        "guid": null
    }
},
{
    "pk": 26, 
    "model": "planet.feed", 
    "fields": {
        "info": null, 
        "subtitle": "\u202b\u05de\u05e9\u05e0\u05d9\u05dd \u05d0\u05ea \u05d4\u05ea\u05de\u05d5\u05e0\u05d4\u202c", 
        "language": "he", 
        "generator": 3, 
        "rights": null, 
        "url": "http://www.netanyahu.org.il/blog/feed/?author=95", 
        "icon_url": null, 
        "title": "\u202b\u05d4\u05d1\u05dc\u05d5\u05d2 \u05e9\u05dc \u05d4\u05dc\u05d9\u05db\u05d5\u05d3 \u00bb \u05db\u05e8\u05de\u05dc \u05e9\u05d0\u05de\u05d4\u202c", 
        "is_active": true, 
        "site": 1, 
        "blog": 3, 
        "etag": "\"0dce3a7a792e15f9001c50aa66609e8d\"-gzip", 
        "image_url": null, 
        "last_modified": "2011-12-27T18:01:34.480", 
        "last_checked": "2013-09-14T14:01:21.641", 
        "guid": null
    }
},
{
    "pk": 27, 
    "model": "planet.feed", 
    "fields": {
        "info": null, 
        "subtitle": "\u202b\u05de\u05e9\u05e0\u05d9\u05dd \u05d0\u05ea \u05d4\u05ea\u05de\u05d5\u05e0\u05d4\u202c", 
        "language": "he", 
        "generator": 3, 
        "rights": null, 
        "url": "http://www.netanyahu.org.il/blog/feed/?author=91", 
        "icon_url": null, 
        "title": "\u202b\u05d4\u05d1\u05dc\u05d5\u05d2 \u05e9\u05dc \u05d4\u05dc\u05d9\u05db\u05d5\u05d3 \u00bb \u05dc\u05d0\u05d4 \u05e0\u05e1\u202c", 
        "is_active": true, 
        "site": 1, 
        "blog": 3, 
        "etag": "\"0dce3a7a792e15f9001c50aa66609e8d\"-gzip", 
        "image_url": null, 
        "last_modified": "2012-04-16T02:01:31.906", 
        "last_checked": "2013-09-14T14:01:21.980", 
        "guid": null
    }
},
{
    "pk": 28, 
    "model": "planet.feed", 
    "fields": {
        "info": null, 
        "subtitle": "\u05d0\u05ea\u05dd \u05de\u05d5\u05d6\u05de\u05e0\u05d9\u05dd \u05dc\u05d4\u05e2\u05dc\u05d5\u05ea \u05dc\u05db\u05d0\u05df \u05e4\u05d5\u05e1\u05d8\u05d9\u05dd \u05de\u05e9\u05dc\u05db\u05dd, \u05dc\u05e7\u05d9\u05d9\u05dd \u05d3\u05d9\u05d5\u05e0\u05d9\u05dd, \u05dc\u05e9\u05d0\u05d5\u05dc \u05e9\u05d0\u05dc\u05d5\u05ea \u05dc\u05e1\u05e4\u05e8 \u05e2\u05dc \u05d1\u05e2\u05d9\u05d5\u05ea \u05d5\u05dc\u05d4\u05e2\u05dc\u05d5\u05ea \u05e8\u05e2\u05d9\u05d5\u05e0\u05d5\u05ea. \u05d0\u05e0\u05d9 \u05de\u05d1\u05d8\u05d9\u05d7\u05d4 \u05dc\u05e7\u05e8\u05d5\u05d0 \u05d4\u05db\u05dc \u05d0\u05d1\u05dc \u05dc\u05d0 \u05dc\u05e2\u05e0\u05d5\u05ea \u05dc\u05d4\u05db\u05dc...", 
        "language": "he", 
        "generator": 2, 
        "rights": null, 
        "url": "http://cafe.themarker.com/backend/view.php?u=136765", 
        "icon_url": null, 
        "title": "\u05dc\u05d9\u05d4 \u05e9\u05de\u05d8\u05d5\u05d1", 
        "is_active": true, 
        "site": 1, 
        "blog": 27, 
        "etag": null, 
        "image_url": "http://www.cafe.themarker.com//nodes/u/136/759/file_0_s.jpg", 
        "last_modified": "2010-06-30T22:02:06.366", 
        "last_checked": "2013-09-14T14:01:36.008", 
        "guid": null
    }
},
{
    "pk": 29, 
    "model": "planet.feed", 
    "fields": {
        "info": null, 
        "subtitle": "\u202b\u05de\u05e9\u05e0\u05d9\u05dd \u05d0\u05ea \u05d4\u05ea\u05de\u05d5\u05e0\u05d4\u202c", 
        "language": "he", 
        "generator": 3, 
        "rights": null, 
        "url": "http://www.netanyahu.org.il/blog/feed/?author=88", 
        "icon_url": null, 
        "title": "\u202b\u05d4\u05d1\u05dc\u05d5\u05d2 \u05e9\u05dc \u05d4\u05dc\u05d9\u05db\u05d5\u05d3 \u00bb \u05dc\u05d9\u05de\u05d5\u05e8 \u05dc\u05d1\u05e0\u05ea\u202c", 
        "is_active": true, 
        "site": 1, 
        "blog": 3, 
        "etag": "\"0dce3a7a792e15f9001c50aa66609e8d\"-gzip", 
        "image_url": null, 
        "last_modified": "2010-11-11T22:01:34.761", 
        "last_checked": "2013-09-14T14:01:22.363", 
        "guid": null
    }
},
{
    "pk": 30, 
    "model": "planet.feed", 
    "fields": {
        "info": null, 
        "subtitle": "\u05d9\u05d4\u05d3\u05d5\u05ea, \u05d3\u05de\u05d5\u05e7\u05e8\u05d8\u05d9\u05d4, \u05e7\u05b4\u05d3\u05de\u05d4", 
        "language": "he", 
        "generator": 5, 
        "rights": null, 
        "url": "http://www.miki.org.il/index.php/feed/", 
        "icon_url": null, 
        "title": "\u05d4\u05d0\u05ea\u05e8 \u05e9\u05dc \u05d4\u05e9\u05e8 \u05de\u05d9\u05db\u05d0\u05dc \u05d0\u05d9\u05ea\u05df", 
        "is_active": true, 
        "site": 1, 
        "blog": 29, 
        "etag": "\"144b00258f66fa8b69a734985068aecd\"", 
        "image_url": null, 
        "last_modified": "2012-12-18T02:01:13.597", 
        "last_checked": "2013-09-14T14:01:10.184", 
        "guid": null
    }
},
{
    "pk": 32, 
    "model": "planet.feed", 
    "fields": {
        "info": null, 
        "subtitle": "\u202b\u05de\u05e9\u05e0\u05d9\u05dd \u05d0\u05ea \u05d4\u05ea\u05de\u05d5\u05e0\u05d4\u202c", 
        "language": "he", 
        "generator": 3, 
        "rights": null, 
        "url": "http://www.netanyahu.org.il/blog/feed/?author=94", 
        "icon_url": null, 
        "title": "\u202b\u05d4\u05d1\u05dc\u05d5\u05d2 \u05e9\u05dc \u05d4\u05dc\u05d9\u05db\u05d5\u05d3 \u00bb \u05de\u05d9\u05e8\u05d9 \u05e8\u05d2\u05d1\u202c", 
        "is_active": true, 
        "site": 1, 
        "blog": 3, 
        "etag": "\"0dce3a7a792e15f9001c50aa66609e8d\"-gzip", 
        "image_url": null, 
        "last_modified": "2010-05-24T10:55:22.239", 
        "last_checked": "2013-09-14T14:01:22.765", 
        "guid": null
    }
},
{
    "pk": 33, 
    "model": "planet.feed", 
    "fields": {
        "info": null, 
        "subtitle": "\u202b\u05de\u05e9\u05e0\u05d9\u05dd \u05d0\u05ea \u05d4\u05ea\u05de\u05d5\u05e0\u05d4\u202c", 
        "language": "he", 
        "generator": 3, 
        "rights": null, 
        "url": "http://www.netanyahu.org.il/blog/feed/?author=85", 
        "icon_url": null, 
        "title": "\u202b\u05d4\u05d1\u05dc\u05d5\u05d2 \u05e9\u05dc \u05d4\u05dc\u05d9\u05db\u05d5\u05d3 \u00bb \u05de\u05e9\u05d4 \u05d1\u05d5\u05d2\u05d9 \u05d9\u05e2\u05dc\u05d5\u05df\u202c", 
        "is_active": true, 
        "site": 1, 
        "blog": 3, 
        "etag": "\"0dce3a7a792e15f9001c50aa66609e8d\"-gzip", 
        "image_url": null, 
        "last_modified": "2011-12-06T12:01:51.329", 
        "last_checked": "2013-09-14T14:01:23.159", 
        "guid": null
    }
},
{
    "pk": 34, 
    "model": "planet.feed", 
    "fields": {
        "info": null, 
        "subtitle": "\u202b\u05de\u05e9\u05e0\u05d9\u05dd \u05d0\u05ea \u05d4\u05ea\u05de\u05d5\u05e0\u05d4\u202c", 
        "language": "he", 
        "generator": 3, 
        "rights": null, 
        "url": "http://www.netanyahu.org.il/blog/feed/?author=68", 
        "icon_url": null, 
        "title": "\u202b\u05d4\u05d1\u05dc\u05d5\u05d2 \u05e9\u05dc \u05d4\u05dc\u05d9\u05db\u05d5\u05d3 \u00bb \u05de\u05e9\u05d4 \u05db\u05d7\u05dc\u05d5\u05df\u202c", 
        "is_active": true, 
        "site": 1, 
        "blog": 3, 
        "etag": "\"0dce3a7a792e15f9001c50aa66609e8d\"-gzip", 
        "image_url": null, 
        "last_modified": "2010-09-02T18:01:34.447", 
        "last_checked": "2013-09-14T14:01:23.626", 
        "guid": null
    }
},
{
    "pk": 35, 
    "model": "planet.feed", 
    "fields": {
        "info": null, 
        "subtitle": "", 
        "language": "he", 
        "generator": null, 
        "rights": "Copyright 2010 \u05de\u05ea\u05df \u05d5\u05d9\u05dc\u05e0\u05d0\u05d9. All Rights Reserved.", 
        "url": "http://israblog.nana10.co.il/blog_rss.asp?blog=602812", 
        "icon_url": null, 
        "title": "\u05d4\u05d1\u05dc\u05d5\u05d2 \u05e9\u05dc \u05de\u05ea\u05df \u05d5\u05d9\u05dc\u05e0\u05d0\u05d9", 
        "is_active": true, 
        "site": 1, 
        "blog": 33, 
        "etag": null, 
        "image_url": "", 
        "last_modified": "2010-05-24T10:55:41.882", 
        "last_checked": "2013-09-14T14:01:26.236", 
        "guid": null
    }
},
{
    "pk": 36, 
    "model": "planet.feed", 
    "fields": {
        "info": null, 
        "subtitle": "\u202b\u05d1\u05d1\u05e0\u05d9\u05d4\u202c", 
        "language": "he", 
        "generator": 6, 
        "rights": null, 
        "url": "http://www.nachmanshai.co.il/?feed=rss2", 
        "icon_url": null, 
        "title": "\u202b\u05e0\u05d7\u05de\u05df \u05e9\u05d9\u202c", 
        "is_active": true, 
        "site": 1, 
        "blog": 34, 
        "etag": "+LzsmjpA3UvfE9NaOD76xXPwLzI", 
        "image_url": null, 
        "last_modified": "2013-09-04T02:02:22.457", 
        "last_checked": "2013-09-14T14:01:36.642", 
        "guid": null
    }
},
{
    "pk": 37, 
    "model": "planet.feed", 
    "fields": {
        "info": null, 
        "subtitle": "", 
        "language": "he", 
        "generator": 2, 
        "rights": null, 
        "url": "http://cafe.themarker.com/backend/view.php?u=230687", 
        "icon_url": null, 
        "title": "\u05e0\u05d9\u05e6\u05df \u05d4\u05d5\u05e8\u05d5\u05d1\u05d9\u05e5", 
        "is_active": true, 
        "site": 1, 
        "blog": 35, 
        "etag": null, 
        "image_url": "http://nitzanhorowitz.cafe.themarker.com//nodes/u/230/687/file_0_s.jpg", 
        "last_modified": "2011-01-04T14:01:47.949", 
        "last_checked": "2013-09-14T14:01:37.931", 
        "guid": null
    }
},
{
    "pk": 38, 
    "model": "planet.feed", 
    "fields": {
        "info": null, 
        "subtitle": "", 
        "language": "he", 
        "generator": null, 
        "rights": "Copyright 2010 \u05e1\u05d8\u05e1 \u05de\u05d9\u05e1\u05d6'\u05e0\u05d9\u05e7\u05d5\u05d1. All Rights Reserved.", 
        "url": "http://israblog.nana10.co.il/blog_rss.asp?blog=600720", 
        "icon_url": null, 
        "title": "\u05d4\u05d1\u05dc\u05d5\u05d2 \u05e9\u05dc \u05e1\u05d8\u05e1 \u05de\u05d9\u05e1\u05d6'\u05e0\u05d9\u05e7\u05d5\u05d1", 
        "is_active": true, 
        "site": 1, 
        "blog": 36, 
        "etag": null, 
        "image_url": "", 
        "last_modified": "2010-05-24T10:55:42.535", 
        "last_checked": "2013-09-14T14:01:26.463", 
        "guid": null
    }
},
{
    "pk": 39, 
    "model": "planet.feed", 
    "fields": {
        "info": null, 
        "subtitle": "\u202b\u05de\u05e9\u05e0\u05d9\u05dd \u05d0\u05ea \u05d4\u05ea\u05de\u05d5\u05e0\u05d4\u202c", 
        "language": "he", 
        "generator": 3, 
        "rights": null, 
        "url": "http://www.netanyahu.org.il/blog/feed/?author=96", 
        "icon_url": null, 
        "title": "\u202b\u05d4\u05d1\u05dc\u05d5\u05d2 \u05e9\u05dc \u05d4\u05dc\u05d9\u05db\u05d5\u05d3 \u00bb \u05e1\u05d9\u05dc\u05d1\u05df \u05e9\u05dc\u05d5\u05dd\u202c", 
        "is_active": true, 
        "site": 1, 
        "blog": 3, 
        "etag": "\"0dce3a7a792e15f9001c50aa66609e8d\"-gzip", 
        "image_url": null, 
        "last_modified": "2011-09-15T16:02:06.281", 
        "last_checked": "2013-09-14T14:01:23.956", 
        "guid": null
    }
},
{
    "pk": 40, 
    "model": "planet.feed", 
    "fields": {
        "info": null, 
        "subtitle": "", 
        "language": "he", 
        "generator": null, 
        "rights": "Copyright 2010 \u05e2\u05d5\u05d6\u05d9 \u05dc\u05e0\u05d3\u05d0\u05d5. All Rights Reserved.", 
        "url": "http://israblog.nana10.co.il/blog_rss.asp?blog=512993", 
        "icon_url": null, 
        "title": "\u05db\u05d7\u05d5\u05dc \u05d5\u05dc\u05d1\u05df - \u05d4\u05d1\u05dc\u05d5\u05d2 \u05e9\u05dc \u05e2\u05d5\u05d6\u05d9 \u05dc\u05e0\u05d3\u05d0\u05d5", 
        "is_active": true, 
        "site": 1, 
        "blog": 37, 
        "etag": null, 
        "image_url": "", 
        "last_modified": "2010-05-24T10:55:45.153", 
        "last_checked": "2013-09-14T14:01:35.522", 
        "guid": null
    }
},
{
    "pk": 41, 
    "model": "planet.feed", 
    "fields": {
        "info": null, 
        "subtitle": "", 
        "language": "he", 
        "generator": 2, 
        "rights": null, 
        "url": "http://cafe.themarker.com/backend/view.php?u=229439", 
        "icon_url": null, 
        "title": "\u05d0\u05d7\u05e8\u05d9 \u05dc\u05e4\u05d5\u05dc\u05d9\u05d8\u05d9\u05e7\u05d4 - \u05d4\u05d1\u05dc\u05d5\u05d2 \u05e9\u05dc \u05d3\"\u05e8 \u05e2\u05d9\u05e0\u05ea \u05d5\u05d9\u05dc\u05e3", 
        "is_active": true, 
        "site": 1, 
        "blog": 38, 
        "etag": null, 
        "image_url": "http://www.cafe.themarker.com//nodes/u/229/429/file_0_s.jpg", 
        "last_modified": "2012-07-27T02:01:08.389", 
        "last_checked": "2013-09-14T14:01:05.962", 
        "guid": null
    }
},
{
    "pk": 42, 
    "model": "planet.feed", 
    "fields": {
        "info": null, 
        "subtitle": "\u202b\u05de\u05e9\u05e0\u05d9\u05dd \u05d0\u05ea \u05d4\u05ea\u05de\u05d5\u05e0\u05d4\u202c", 
        "language": "he", 
        "generator": 3, 
        "rights": null, 
        "url": "http://www.netanyahu.org.il/blog/feed/?author=92", 
        "icon_url": null, 
        "title": "\u202b\u05d4\u05d1\u05dc\u05d5\u05d2 \u05e9\u05dc \u05d4\u05dc\u05d9\u05db\u05d5\u05d3 \u00bb \u05e6\u05d9\u05d5\u05df \u05e4\u05d9\u05e0\u05d9\u05d0\u05df\u202c", 
        "is_active": true, 
        "site": 1, 
        "blog": 3, 
        "etag": "\"0dce3a7a792e15f9001c50aa66609e8d\"-gzip", 
        "image_url": null, 
        "last_modified": "2012-07-13T02:02:04.975", 
        "last_checked": "2013-09-14T14:01:24.393", 
        "guid": null
    }
},
{
    "pk": 43, 
    "model": "planet.feed", 
    "fields": {
        "info": null, 
        "subtitle": "\u202b\u05de\u05e9\u05e0\u05d9\u05dd \u05d0\u05ea \u05d4\u05ea\u05de\u05d5\u05e0\u05d4\u202c", 
        "language": "he", 
        "generator": 3, 
        "rights": null, 
        "url": "http://www.netanyahu.org.il/blog/feed/?author=73", 
        "icon_url": null, 
        "title": "\u202b\u05d4\u05d1\u05dc\u05d5\u05d2 \u05e9\u05dc \u05d4\u05dc\u05d9\u05db\u05d5\u05d3 \u00bb \u05e6\u05d9\u05e4\u05d9 \u05d7\u05d5\u05d8\u05d5\u05d1\u05dc\u05d9\u202c", 
        "is_active": true, 
        "site": 1, 
        "blog": 3, 
        "etag": "\"0dce3a7a792e15f9001c50aa66609e8d\"-gzip", 
        "image_url": null, 
        "last_modified": "2011-02-16T14:01:47.587", 
        "last_checked": "2013-09-14T14:01:24.815", 
        "guid": null
    }
},
{
    "pk": 44, 
    "model": "planet.feed", 
    "fields": {
        "info": null, 
        "subtitle": "\u202b\u05d0\u05ea\u05e8 \u05d4\u05d1\u05d9\u05ea \u05e9\u05dc \u05e2\u05de\u05d9\u05e8 \u05e4\u05e8\u05e5\u202c", 
        "language": "he", 
        "generator": 7, 
        "rights": null, 
        "url": "http://www.amirperetz.co.il/?feed=atom", 
        "icon_url": null, 
        "title": "\u202b\u05e2\u05de\u05d9\u05e8 \u05e4\u05e8\u05e5\u202c", 
        "is_active": true, 
        "site": 1, 
        "blog": 41, 
        "etag": "\"487aa17f315caeedd359ad46152c1970\"", 
        "image_url": null, 
        "last_modified": "2013-09-08T15:02:04.145", 
        "last_checked": "2013-09-14T14:01:38.876", 
        "guid": "http://www.amirperetz.co.il/?feed=atom"
    }
},
{
    "pk": 45, 
    "model": "planet.feed", 
    "fields": {
        "info": null, 
        "subtitle": "\u202b\u05de\u05e9\u05e0\u05d9\u05dd \u05d0\u05ea \u05d4\u05ea\u05de\u05d5\u05e0\u05d4\u202c", 
        "language": "he", 
        "generator": 3, 
        "rights": null, 
        "url": "http://www.netanyahu.org.il/blog/feed/?author=69", 
        "icon_url": null, 
        "title": "\u202b\u05d4\u05d1\u05dc\u05d5\u05d2 \u05e9\u05dc \u05d4\u05dc\u05d9\u05db\u05d5\u05d3 \u00bb \u05e8\u05d0\u05d5\u05d1\u05df \u05e8\u05d9\u05d1\u05dc\u05d9\u05df\u202c", 
        "is_active": true, 
        "site": 1, 
        "blog": 3, 
        "etag": "\"0dce3a7a792e15f9001c50aa66609e8d\"-gzip", 
        "image_url": null, 
        "last_modified": "2010-05-24T10:55:40.803", 
        "last_checked": "2013-09-14T14:01:25.196", 
        "guid": null
    }
},
{
    "pk": 47, 
    "model": "planet.feed", 
    "fields": {
        "info": "", 
        "subtitle": "", 
        "language": "he", 
        "generator": null, 
        "rights": "", 
        "url": "http://shelly.org.il/blog/rss.xml", 
        "icon_url": "", 
        "title": "'\u05e9\u05dc\u05d9 \u05d9\u05d7\u05d9\u05de\u05d5\u05d1\u05d9\u05e5", 
        "is_active": true, 
        "site": 1, 
        "blog": 43, 
        "etag": "", 
        "image_url": "", 
        "last_modified": "2013-09-13T14:03:10.723", 
        "last_checked": "2013-09-14T14:01:46.905", 
        "guid": ""
    }
},
{
    "pk": 48, 
    "model": "planet.feed", 
    "fields": {
        "info": null, 
        "subtitle": "\u202b\u05d1\u05dc\u05d5\u05d2 \u05d4\u05db\u05e0\u05e1\u05ea\u202c", 
        "language": "he", 
        "generator": 8, 
        "rights": null, 
        "url": "http://www.parlament.co.il/author/horon/feed", 
        "icon_url": null, 
        "title": "\u202b\u05d4\u05e4\u05e8\u05dc\u05de\u05e0\u05d8 \u00bb \u05d7\u05d9\u05d9\u05dd (\u05d2'\u05d5\u05de\u05e1) \u05d0\u05d5\u05e8\u05d5\u05df\u202c", 
        "is_active": true, 
        "site": 1, 
        "blog": 44, 
        "etag": "\"768c480c7a1fd9eaec81691bc10937f3\"", 
        "image_url": null, 
        "last_modified": "2010-06-14T12:33:29.922", 
        "last_checked": "2013-09-14T14:01:28.789", 
        "guid": null
    }
},
{
    "pk": 49, 
    "model": "planet.feed", 
    "fields": {
        "info": null, 
        "subtitle": "\u202b\u05d1\u05dc\u05d5\u05d2 \u05d4\u05db\u05e0\u05e1\u05ea\u202c", 
        "language": "he", 
        "generator": 8, 
        "rights": null, 
        "url": "http://www.parlament.co.il/author/uorbach/feed", 
        "icon_url": null, 
        "title": "\u202b\u05d4\u05e4\u05e8\u05dc\u05de\u05e0\u05d8 \u00bb \u05d0\u05d5\u05e8\u05d9 \u05d0\u05d5\u05e8\u05d1\u05da\u202c", 
        "is_active": true, 
        "site": 1, 
        "blog": 44, 
        "etag": "\"768c480c7a1fd9eaec81691bc10937f3\"", 
        "image_url": null, 
        "last_modified": "2011-01-31T18:01:44.484", 
        "last_checked": "2013-09-14T14:01:26.840", 
        "guid": null
    }
},
{
    "pk": 50, 
    "model": "planet.feed", 
    "fields": {
        "info": null, 
        "subtitle": "\u202b\u05d1\u05dc\u05d5\u05d2 \u05d4\u05db\u05e0\u05e1\u05ea\u202c", 
        "language": "he", 
        "generator": 8, 
        "rights": null, 
        "url": "http://www.parlament.co.il/author/anmichaely/feed", 
        "icon_url": null, 
        "title": "\u202b\u05d4\u05e4\u05e8\u05dc\u05de\u05e0\u05d8 \u00bb \u05d0\u05e0\u05e1\u05d8\u05e1\u05d9\u05d4 \u05de\u05d9\u05db\u05d0\u05dc\u05d9\u202c", 
        "is_active": true, 
        "site": 1, 
        "blog": 44, 
        "etag": "\"768c480c7a1fd9eaec81691bc10937f3\"", 
        "image_url": null, 
        "last_modified": "2010-12-28T00:01:39.307", 
        "last_checked": "2013-09-14T14:01:28.068", 
        "guid": null
    }
},
{
    "pk": 51, 
    "model": "planet.feed", 
    "fields": {
        "info": null, 
        "subtitle": "\u202b\u05d1\u05dc\u05d5\u05d2 \u05d4\u05db\u05e0\u05e1\u05ea\u202c", 
        "language": "he", 
        "generator": 8, 
        "rights": null, 
        "url": "http://www.parlament.co.il/author/hzoaby/feed", 
        "icon_url": null, 
        "title": "\u202b\u05d4\u05e4\u05e8\u05dc\u05de\u05e0\u05d8 \u00bb \u05d7\u05e0\u05d9\u05df \u05d6\u05d5\u05e2\u05d1\u05d9\u202c", 
        "is_active": true, 
        "site": 1, 
        "blog": 44, 
        "etag": "\"768c480c7a1fd9eaec81691bc10937f3\"", 
        "image_url": null, 
        "last_modified": "2011-01-09T16:01:46.187", 
        "last_checked": "2013-09-14T14:01:29.496", 
        "guid": null
    }
},
{
    "pk": 52, 
    "model": "planet.feed", 
    "fields": {
        "info": null, 
        "subtitle": "\u202b\u05d1\u05dc\u05d5\u05d2 \u05d4\u05db\u05e0\u05e1\u05ea\u202c", 
        "language": "he", 
        "generator": 8, 
        "rights": null, 
        "url": "http://www.parlament.co.il/author/mregev/feed", 
        "icon_url": null, 
        "title": "\u202b\u05d4\u05e4\u05e8\u05dc\u05de\u05e0\u05d8 \u00bb \u05de\u05d9\u05e8\u05d9 \u05e8\u05d2\u05d1\u202c", 
        "is_active": true, 
        "site": 1, 
        "blog": 44, 
        "etag": "\"768c480c7a1fd9eaec81691bc10937f3\"", 
        "image_url": null, 
        "last_modified": "2010-10-17T08:01:41.019", 
        "last_checked": "2013-09-14T14:01:30.210", 
        "guid": null
    }
},
{
    "pk": 53, 
    "model": "planet.feed", 
    "fields": {
        "info": null, 
        "subtitle": "\u05d4\u05d1\u05dc\u05d5\u05d2 \u05e9\u05dc \u05d7\u05d1\u05e8\u05ea \u05d4\u05db\u05e0\u05e1\u05ea \u05de\u05e8\u05d9\u05e0\u05d4 \u05e1\u05d5\u05dc\u05d5\u05d3\u05e7\u05d9\u05df \u05de\u05de\u05e4\u05dc\u05d2\u05ea \u05e7\u05d3\u05d9\u05de\u05d4", 
        "language": null, 
        "generator": 9, 
        "rights": null, 
        "url": "http://www.marinasolodkin.com/feeds/posts/default", 
        "icon_url": null, 
        "title": "Marina Solodkin", 
        "is_active": true, 
        "site": 1, 
        "blog": 47, 
        "etag": null, 
        "image_url": null, 
        "last_modified": "2013-03-04T02:01:08.221", 
        "last_checked": "2013-09-14T14:01:03.157", 
        "guid": "tag:blogger.com,1999:blog-174623971924680371"
    }
},
{
    "pk": 55, 
    "model": "planet.feed", 
    "fields": {
        "info": null, 
        "subtitle": "\u202b\u202c", 
        "language": "en", 
        "generator": 11, 
        "rights": null, 
        "url": "http://www.wilf.org/HE/feed/", 
        "icon_url": null, 
        "title": "\u202b\u05d7\"\u05db \u05d3\"\u05e8 \u05e2\u05d9\u05e0\u05ea \u05d5\u05d9\u05dc\u05e3\u202c", 
        "is_active": true, 
        "site": 1, 
        "blog": 51, 
        "etag": "\"86c8e8f780c5503256267e303d18fe76\"", 
        "image_url": null, 
        "last_modified": "2013-08-31T14:01:29.506", 
        "last_checked": "2013-09-14T14:01:31.243", 
        "guid": null
    }
},
{
    "pk": 1, 
    "model": "planet.blog", 
    "fields": {
        "url": "http://www.dichter.co.il", 
        "date_created": "2013-09-16T10:52:45.655", 
        "title": "\u202b\u05d4\u05d1\u05dc\u05d5\u05d2 \u05e9\u05dc \u05d0\u05d1\u05d9 \u05d3\u05d9\u05db\u05d8\u05e8\u202c"
    }
},
{
    "pk": 2, 
    "model": "planet.blog", 
    "fields": {
        "url": "http://ehudbarak.cafe.themarker.com/view.php?u=222989", 
        "date_created": "2013-09-16T10:52:45.655", 
        "title": "\u05d0\u05d4\u05d5\u05d3 \u05d1\u05e8\u05e7"
    }
},
{
    "pk": 3, 
    "model": "planet.blog", 
    "fields": {
        "url": "http://www.netanyahu.org.il/blog", 
        "date_created": "2013-09-16T10:52:45.655", 
        "title": "\u202b\u05d4\u05d1\u05dc\u05d5\u05d2 \u05e9\u05dc \u05d4\u05dc\u05d9\u05db\u05d5\u05d3 \u00bb \u05d0\u05d5\u05e4\u05d9\u05e8 \u05d0\u05e7\u05d5\u05e0\u05d9\u05e1\u202c"
    }
},
{
    "pk": 4, 
    "model": "planet.blog", 
    "fields": {
        "url": "http://www.tapuz.co.il/blog/userBlog.asp?Blogid=119474", 
        "date_created": "2013-09-16T10:52:45.655", 
        "title": "\u05d4\u05d1\u05dc\u05d5\u05d2 \u05e9\u05dc \u05d7\"\u05db \u05d0\u05d5\u05e4\u05d9\u05e8 \u05e4\u05d9\u05e0\u05e1-\u05e4\u05d6 - \u05ea\u05e4\u05d5\u05d6 \u05d1\u05dc\u05d5\u05d2\u05d9\u05dd"
    }
},
{
    "pk": 6, 
    "model": "planet.blog", 
    "fields": {
        "url": "http://ilangilon.cafe.themarker.com/view.php?u=230238", 
        "date_created": "2013-09-16T10:52:45.655", 
        "title": "\u05d0\u05d9\u05dc\u05df \u05d2\u05d9\u05dc\u05d0\u05d5\u05df"
    }
},
{
    "pk": 8, 
    "model": "planet.blog", 
    "fields": {
        "url": "http://israblog.nana10.co.il/blogread.asp?blog=613076", 
        "date_created": "2013-09-16T10:52:45.655", 
        "title": "\u05d4\u05d1\u05dc\u05d5\u05d2 \u05e9\u05dc \u05d0\u05dc\u05d9 \u05d9\u05e9\u05d9"
    }
},
{
    "pk": 9, 
    "model": "planet.blog", 
    "fields": {
        "url": "http://www.tapuz.co.il/blog/userBlog.asp?Blogid=79960", 
        "date_created": "2013-09-16T10:52:45.655", 
        "title": "\u05d7\"\u05db \u05d0\u05dc\u05db\u05e1 \u05de\u05d9\u05dc\u05e8 - \u05ea\u05e4\u05d5\u05d6 \u05d1\u05dc\u05d5\u05d2\u05d9\u05dd"
    }
},
{
    "pk": 13, 
    "model": "planet.blog", 
    "fields": {
        "url": "http://www.cafe.themarker.com/view.php?u=222809", 
        "date_created": "2013-09-16T10:52:45.655", 
        "title": "\u05d2\u05dc\u05e2\u05d3 \u05d0\u05e8\u05d3\u05df"
    }
},
{
    "pk": 14, 
    "model": "planet.blog", 
    "fields": {
        "url": "http://www.dovblog.org", 
        "date_created": "2013-09-16T10:52:45.655", 
        "title": "\u202b\u05d4\u05d0\u05ea\u05e8 \u05e9\u05dc \u05d3\u05d1 \u05d7\u05e0\u05d9\u05df\u202c"
    }
},
{
    "pk": 27, 
    "model": "planet.blog", 
    "fields": {
        "url": "http://www.cafe.themarker.com/view.php?u=136765", 
        "date_created": "2013-09-16T10:52:45.655", 
        "title": "\u05dc\u05e9\u05db\u05d4 \u05e4\u05e8\u05dc\u05de\u05e0\u05d8\u05d0\u05e8\u05d9\u05ea"
    }
},
{
    "pk": 29, 
    "model": "planet.blog", 
    "fields": {
        "url": "http://www.miki.org.il", 
        "date_created": "2013-09-16T10:52:45.655", 
        "title": "\u05d4\u05d0\u05ea\u05e8 \u05e9\u05dc \u05d4\u05e9\u05e8 \u05de\u05d9\u05db\u05d0\u05dc \u05d0\u05d9\u05ea\u05df"
    }
},
{
    "pk": 33, 
    "model": "planet.blog", 
    "fields": {
        "url": "http://israblog.nana10.co.il/blogread.asp?blog=602812", 
        "date_created": "2013-09-16T10:52:45.655", 
        "title": "\u05d4\u05d1\u05dc\u05d5\u05d2 \u05e9\u05dc \u05de\u05ea\u05df \u05d5\u05d9\u05dc\u05e0\u05d0\u05d9"
    }
},
{
    "pk": 34, 
    "model": "planet.blog", 
    "fields": {
        "url": "http://www.nachmanshai.co.il", 
        "date_created": "2013-09-16T10:52:45.655", 
        "title": "\u202b\u05e0\u05d7\u05de\u05df \u05e9\u05d9\u202c"
    }
},
{
    "pk": 35, 
    "model": "planet.blog", 
    "fields": {
        "url": "http://nitzanhorowitz.cafe.themarker.com/view.php?u=230687", 
        "date_created": "2013-09-16T10:52:45.655", 
        "title": "\u05e0\u05d9\u05e6\u05df \u05d4\u05d5\u05e8\u05d5\u05d1\u05d9\u05e5"
    }
},
{
    "pk": 36, 
    "model": "planet.blog", 
    "fields": {
        "url": "http://israblog.nana10.co.il/blogread.asp?blog=600720", 
        "date_created": "2013-09-16T10:52:45.655", 
        "title": "\u05d4\u05d1\u05dc\u05d5\u05d2 \u05e9\u05dc \u05e1\u05d8\u05e1 \u05de\u05d9\u05e1\u05d6'\u05e0\u05d9\u05e7\u05d5\u05d1"
    }
},
{
    "pk": 37, 
    "model": "planet.blog", 
    "fields": {
        "url": "http://israblog.nana10.co.il/blogread.asp?blog=512993", 
        "date_created": "2013-09-16T10:52:45.655", 
        "title": "\u05db\u05d7\u05d5\u05dc \u05d5\u05dc\u05d1\u05df - \u05d4\u05d1\u05dc\u05d5\u05d2 \u05e9\u05dc \u05e2\u05d5\u05d6\u05d9 \u05dc\u05e0\u05d3\u05d0\u05d5"
    }
},
{
    "pk": 38, 
    "model": "planet.blog", 
    "fields": {
        "url": "http://www.cafe.themarker.com/view.php?u=229439", 
        "date_created": "2013-09-16T10:52:45.655", 
        "title": "\u05d0\u05d7\u05e8\u05d9 \u05dc\u05e4\u05d5\u05dc\u05d9\u05d8\u05d9\u05e7\u05d4 - \u05d4\u05d1\u05dc\u05d5\u05d2 \u05e9\u05dc \u05d3\"\u05e8 \u05e2\u05d9\u05e0\u05ea \u05d5\u05d9\u05dc\u05e3"
    }
},
{
    "pk": 41, 
    "model": "planet.blog", 
    "fields": {
        "url": "http://www.amirperetz.co.il", 
        "date_created": "2013-09-16T10:52:45.656", 
        "title": "\u202b\u05e2\u05de\u05d9\u05e8 \u05e4\u05e8\u05e5\u202c"
    }
},
{
    "pk": 43, 
    "model": "planet.blog", 
    "fields": {
        "url": "http://shelly.org.il/rss.xml", 
        "date_created": "2013-09-16T10:52:45.655", 
        "title": ""
    }
},
{
    "pk": 44, 
    "model": "planet.blog", 
    "fields": {
        "url": "http://www.parlament.co.il", 
        "date_created": "2013-09-16T10:52:45.655", 
        "title": "\u202b\u05d4\u05e4\u05e8\u05dc\u05de\u05e0\u05d8 \u00bb \u05d7\u05d9\u05d9\u05dd (\u05d2'\u05d5\u05de\u05e1) \u05d0\u05d5\u05e8\u05d5\u05df\u202c"
    }
},
{
    "pk": 47, 
    "model": "planet.blog", 
    "fields": {
        "url": "http://www.marinasolodkin.com/", 
        "date_created": "2013-09-16T10:52:45.655", 
        "title": "\u05de\u05e8\u05d9\u05e0\u05d4 \u05e1\u05d5\u05dc\u05d5\u05d3\u05e7\u05d9\u05df"
    }
},
{
    "pk": 51, 
    "model": "planet.blog", 
    "fields": {
        "url": "http://www.wilf.org/HE", 
        "date_created": "2013-09-16T10:52:45.655", 
        "title": "\u05e2\u05d9\u05e0\u05ea \u05d5\u05d9\u05dc\u05e3"
    }
}
]
