[{"pk": "1", "model": "core.party", "fields": {"name": "\u05d4\u05dc\u05d9\u05db\u05d5\u05d3 - \u05d9\u05e9\u05e8\u05d0\u05dc \u05d1\u05d9\u05ea\u05e0\u05d5", "slug": "halikud-beitenu"}}, {"pk": "2", "model": "core.party", "fields": {"name": "\u05d9\u05e9 \u05e2\u05ea\u05d9\u05d3", "slug": "yesh-atid"}}, {"pk": "3", "model": "core.party", "fields": {"name": "\u05d4\u05d1\u05d9\u05ea \u05d4\u05d9\u05d4\u05d5\u05d3\u05d9", "slug": "habait-hayehudi"}}, {"pk": "4", "model": "core.party", "fields": {"name": "\u05d4\u05ea\u05e0\u05d5\u05e2\u05d4", "slug": "hatnua"}}, {"pk": "5", "model": "core.party", "fields": {"name": "\u05d4\u05e2\u05d1\u05d5\u05d3\u05d4", "slug": "haavoda"}}, {"pk": "6", "model": "core.party", "fields": {"name": "\u05e9\"\u05e1", "slug": "shas"}}, {"pk": "7", "model": "core.party", "fields": {"name": "\u05d9\u05d4\u05d3\u05d5\u05ea \u05d4\u05ea\u05d5\u05e8\u05d4", "slug": "yehadut-hatorah"}}, {"pk": "8", "model": "core.party", "fields": {"name": "\u05de\u05e8\u05e6", "slug": "meretz"}}, {"pk": "9", "model": "core.party", "fields": {"name": "\u05d7\u05d3\"\u05e9", "slug": "hadash"}}, {"pk": "10", "model": "core.party", "fields": {"name": "\u05e8\u05e2\"\u05de-\u05ea\u05e2\"\u05dc", "slug": "raam-taal"}}, {"pk": "11", "model": "core.party", "fields": {"name": "\u05d1\u05dc\"\u05d3", "slug": "balad"}}, {"pk": "12", "model": "core.party", "fields": {"name": "\u05e7\u05d3\u05d9\u05de\u05d4", "slug": "kadima"}}, {"pk": "1", "model": "core.person", "fields": {"party": "1", "name": "\u05d1\u05e0\u05d9\u05de\u05d9\u05df \u05e0\u05ea\u05e0\u05d9\u05d4\u05d5", "slug": "binyamin-netanyahu"}}, {"pk": "2", "model": "core.person", "fields": {"party": "1", "name": "\u05d0\u05d1\u05d9\u05d2\u05d3\u05d5\u05e8 \u05dc\u05d9\u05d1\u05e8\u05de\u05df", "slug": "avigdor-liberman"}}, {"pk": "3", "model": "core.person", "fields": {"party": "1", "name": "\u05d2\u05d3\u05e2\u05d5\u05df \u05e1\u05e2\u05e8", "slug": "gidon-saar"}}, {"pk": "4", "model": "core.person", "fields": {"party": "1", "name": "\u05d9\u05d0\u05d9\u05e8 \u05e9\u05de\u05d9\u05e8", "slug": "yair-shamir"}}, {"pk": "5", "model": "core.person", "fields": {"party": "1", "name": "\u05d2\u05dc\u05e2\u05d3 \u05d0\u05e8\u05d3\u05df", "slug": "gilad-ardan"}}, {"pk": "6", "model": "core.person", "fields": {"party": "1", "name": "\u05e1\u05d9\u05dc\u05d1\u05df \u05e9\u05dc\u05d5\u05dd", "slug": "silvan-shalom"}}, {"pk": "7", "model": "core.person", "fields": {"party": "1", "name": "\u05e2\u05d5\u05d6\u05d9 \u05dc\u05e0\u05d3\u05d0\u05d5", "slug": "uzi-landao"}}, {"pk": "8", "model": "core.person", "fields": {"party": "1", "name": "\u05d9\u05e9\u05e8\u05d0\u05dc \u05db\u05e5", "slug": "israel-katz"}}, {"pk": "9", "model": "core.person", "fields": {"party": "1", "name": "\u05d3\u05e0\u05d9 \u05d3\u05e0\u05d5\u05df", "slug": "dani-dannon"}}, {"pk": "10", "model": "core.person", "fields": {"party": "1", "name": "\u05e1\u05d5\u05e4\u05d4 \u05dc\u05e0\u05d3\u05d1\u05e8", "slug": "sofa-landver"}}, {"pk": "11", "model": "core.person", "fields": {"party": "1", "name": "\u05e8\u05d0\u05d5\u05d1\u05df \u05e8\u05d9\u05d1\u05dc\u05d9\u05df", "slug": "reuven-rivlin"}}, {"pk": "12", "model": "core.person", "fields": {"party": "1", "name": "\u05de\u05e9\u05d4 (\u05d1\u05d5\u05d2\u05d9) \u05d9\u05e2\u05dc\u05d5\u05df", "slug": "moshe-yeelon"}}, {"pk": "13", "model": "core.person", "fields": {"party": "1", "name": "\u05d9\u05e6\u05d7\u05e7 \u05d0\u05d4\u05e8\u05d5\u05e0\u05d5\u05d1\u05d9\u05e5", "slug": "itshak-ahronovic"}}, {"pk": "14", "model": "core.person", "fields": {"party": "1", "name": "\u05d6\u05d0\u05d1 \u05d0\u05dc\u05e7\u05d9\u05df", "slug": "zeev-alkin"}}, {"pk": "15", "model": "core.person", "fields": {"party": "1", "name": "\u05e6\u05d9\u05e4\u05d9 \u05d7\u05d5\u05d8\u05d5\u05d1\u05dc\u05d9", "slug": "tzipi-hotobeli"}}, {"pk": "16", "model": "core.person", "fields": {"party": "1", "name": "\u05d0\u05d5\u05e8\u05dc\u05d9 \u05dc\u05d5\u05d9-\u05d0\u05d1\u05e7\u05e1\u05d9\u05e1", "slug": "orli-levy-abeksis"}}, {"pk": "17", "model": "core.person", "fields": {"party": "1", "name": "\u05d9\u05e8\u05d9\u05d1 \u05dc\u05d5\u05d9\u05df", "slug": "yariv-lewin"}}, {"pk": "18", "model": "core.person", "fields": {"party": "1", "name": "\u05d9\u05d5\u05dc\u05d9-\u05d9\u05d5\u05d0\u05dc \u05d0\u05d3\u05dc\u05e9\u05d8\u05d9\u05d9\u05df", "slug": "yuli-edelstein"}}, {"pk": "19", "model": "core.person", "fields": {"party": "1", "name": "\u05e4\u05d0\u05d9\u05e0\u05d4 \u05e7\u05d9\u05e8\u05e9\u05e0\u05d1\u05d0\u05d5\u05dd", "slug": "faina-kirschenbaum"}}, {"pk": "20", "model": "core.person", "fields": {"party": "1", "name": "\u05d7\u05d9\u05d9\u05dd \u05db\u05e5", "slug": "chaim-katz"}}, {"pk": "21", "model": "core.person", "fields": {"party": "1", "name": "\u05de\u05d9\u05e8\u05d9 \u05e8\u05d2\u05d1", "slug": "miri-regev"}}, {"pk": "22", "model": "core.person", "fields": {"party": "1", "name": "\u05d3\u05d5\u05d3 \u05e8\u05d5\u05ea\u05dd", "slug": "david-rotem"}}, {"pk": "23", "model": "core.person", "fields": {"party": "1", "name": "\u05de\u05e9\u05d4 \u05d6\u05dc\u05de\u05df \u05e4\u05d9\u05d9\u05d2\u05dc\u05d9\u05df", "slug": "moshe-feiglin"}}, {"pk": "24", "model": "core.person", "fields": {"party": "1", "name": "\u05d9\u05d5\u05d1\u05dc \u05e9\u05d8\u05d9\u05d9\u05e0\u05d9\u05e5", "slug": "yuval-shteinitz"}}, {"pk": "25", "model": "core.person", "fields": {"party": "1", "name": "\u05e8\u05d5\u05d1\u05e8\u05d8 \u05d0\u05d9\u05dc\u05d8\u05d5\u05d1", "slug": "robert-iltov"}}, {"pk": "26", "model": "core.person", "fields": {"party": "1", "name": "\u05e6\u05d7\u05d9 \u05d4\u05e0\u05d2\u05d1\u05d9", "slug": "tsachi-hanegbi"}}, {"pk": "27", "model": "core.person", "fields": {"party": "1", "name": "\u05dc\u05d9\u05de\u05d5\u05e8 \u05dc\u05d1\u05e0\u05ea", "slug": "limor-livnat"}}, {"pk": "28", "model": "core.person", "fields": {"party": "1", "name": "\u05d7\u05de\u05d3 \u05e2\u05de\u05d0\u05e8", "slug": "hamed-amar"}}, {"pk": "29", "model": "core.person", "fields": {"party": "1", "name": "\u05d0\u05d5\u05e4\u05d9\u05e8 \u05d0\u05e7\u05d5\u05e0\u05d9\u05e1", "slug": "ofir-akunis"}}, {"pk": "30", "model": "core.person", "fields": {"party": "1", "name": "\u05d2\u05d9\u05dc\u05d4 \u05d2\u05de\u05dc\u05d9\u05d0\u05dc \u05e9\u05de\u05e2\u05d5\u05df \u05d0\u05d5\u05d7\u05d9\u05d5\u05df", "slug": "gila-gamliel"}}, {"pk": "31", "model": "core.person", "fields": {"party": "1", "name": "\u05e9\u05de\u05e2\u05d5\u05df \u05d0\u05d5\u05d7\u05d9\u05d5\u05df", "slug": "shimon-ohion"}}, {"pk": "32", "model": "core.person", "fields": {"party": "2", "name": "\u05d9\u05d0\u05d9\u05e8 \u05dc\u05e4\u05d9\u05d3", "slug": "yair-lapid"}}, {"pk": "33", "model": "core.person", "fields": {"party": "2", "name": "\u05e9\u05d9 \u05e4\u05d9\u05e8\u05d5\u05df", "slug": "shai-pirron"}}, {"pk": "34", "model": "core.person", "fields": {"party": "2", "name": "\u05d9\u05e2\u05dc \u05d2\u05e8\u05de\u05df", "slug": "yael-german"}}, {"pk": "35", "model": "core.person", "fields": {"party": "2", "name": "\u05de\u05d0\u05d9\u05e8 \u05db\u05d4\u05df", "slug": "meir-cohen"}}, {"pk": "36", "model": "core.person", "fields": {"party": "2", "name": "\u05d9\u05e2\u05e7\u05d1 \u05e4\u05e8\u05d9", "slug": "yaacov-perry"}}, {"pk": "37", "model": "core.person", "fields": {"party": "2", "name": "\u05e2\u05e4\u05e8 \u05e9\u05dc\u05d7", "slug": "ofer-shelah"}}, {"pk": "38", "model": "core.person", "fields": {"party": "2", "name": "\u05e2\u05dc\u05d9\u05d6\u05d4 \u05dc\u05d1\u05d9\u05d0", "slug": "aliza-lavie"}}, {"pk": "39", "model": "core.person", "fields": {"party": "2", "name": "\u05d9\u05d5\u05d0\u05dc \u05e8\u05d6\u05d1\u05d5\u05d6\u05d5\u05d1", "slug": "yoel-razvozov"}}, {"pk": "40", "model": "core.person", "fields": {"party": "2", "name": "\u05e2\u05d3\u05d9 \u05e7\u05d5\u05dc", "slug": "adi-kol"}}, {"pk": "41", "model": "core.person", "fields": {"party": "2", "name": "\u05e7\u05d0\u05e8\u05d9\u05df \u05d0\u05dc\u05d4\u05e8\u05e8", "slug": "karine-elharrar"}}, {"pk": "42", "model": "core.person", "fields": {"party": "2", "name": "\u05de\u05d9\u05e7\u05d9 \u05dc\u05d5\u05d9", "slug": "miki-levy"}}, {"pk": "43", "model": "core.person", "fields": {"party": "2", "name": "\u05e9\u05de\u05e2\u05d5\u05df \u05e1\u05d5\u05dc\u05d5\u05de\u05d5\u05df", "slug": "shimon-solomon"}}, {"pk": "44", "model": "core.person", "fields": {"party": "2", "name": "\u05e8\u05d5\u05ea \u05e7\u05dc\u05d3\u05e8\u05d5\u05df", "slug": "ruth-kaldaron"}}, {"pk": "45", "model": "core.person", "fields": {"party": "2", "name": "\u05e4\u05e0\u05d9\u05e0\u05d4 \u05ea\u05de\u05e0\u05d5-\u05e9\u05d8\u05d4", "slug": "pnina-tamano"}}, {"pk": "46", "model": "core.person", "fields": {"party": "2", "name": "\u05e8\u05d9\u05e0\u05d4 \u05e4\u05e8\u05e0\u05e7\u05dc", "slug": "rina-frenkel"}}, {"pk": "47", "model": "core.person", "fields": {"party": "2", "name": "\u05d9\u05e4\u05e2\u05ea \u05e7\u05e8\u05d9\u05d1", "slug": "yifat-kariv"}}, {"pk": "48", "model": "core.person", "fields": {"party": "2", "name": "\u05d3\u05d1 \u05dc\u05e4\u05d9\u05de\u05df", "slug": "dov-lipman"}}, {"pk": "49", "model": "core.person", "fields": {"party": "2", "name": "\u05d1\u05d5\u05e2\u05d6 \u05d8\u05d5\u05e4\u05d5\u05e8\u05d5\u05d1\u05e1\u05e7\u05d9", "slug": "boaz-toporevski"}}, {"pk": "50", "model": "core.person", "fields": {"party": "2", "name": "\u05e8\u05d5\u05e0\u05df \u05d4\u05d5\u05e4\u05de\u05df", "slug": "ronen-huffman"}}, {"pk": "51", "model": "core.person", "fields": {"party": "3", "name": "\u05e0\u05e4\u05ea\u05dc\u05d9 \u05d1\u05e0\u05d8", "slug": "naftali-bennet"}}, {"pk": "52", "model": "core.person", "fields": {"party": "3", "name": "\u05d0\u05d5\u05e8\u05d9 \u05d9\u05d4\u05d5\u05d3\u05d4 \u05d0\u05e8\u05d9\u05d0\u05dc", "slug": "uri-ariel"}}, {"pk": "53", "model": "core.person", "fields": {"party": "3", "name": "\u05e0\u05d9\u05e1\u05df \u05e1\u05dc\u05d5\u05de\u05d9\u05e0\u05e1\u05e7\u05d9", "slug": "nissan-slomiansky"}}, {"pk": "54", "model": "core.person", "fields": {"party": "3", "name": "\u05d0\u05dc\u05d9 \u05d1\u05df-\u05d3\u05d4\u05df", "slug": "eli-ben-dahan"}}, {"pk": "55", "model": "core.person", "fields": {"party": "3", "name": "\u05d0\u05d9\u05d9\u05dc\u05ea \u05e9\u05e7\u05d3", "slug": "ayelet-shaked"}}, {"pk": "56", "model": "core.person", "fields": {"party": "3", "name": "\u05d0\u05d5\u05e8\u05d9 \u05d0\u05d5\u05e8\u05d1\u05da", "slug": "ori-urbach"}}, {"pk": "57", "model": "core.person", "fields": {"party": "3", "name": "\u05d0\u05d1\u05d9 \u05d5\u05d5\u05e8\u05e6\u05de\u05df", "slug": "avi-wertzman"}}, {"pk": "58", "model": "core.person", "fields": {"party": "3", "name": "\u05de\u05e8\u05d3\u05db\u05d9 \u05d9\u05d5\u05d2\u05d1", "slug": "mordechay-yogev"}}, {"pk": "59", "model": "core.person", "fields": {"party": "3", "name": "\u05d0\u05d5\u05e8\u05d9\u05ea \u05e1\u05d8\u05e8\u05d5\u05e7", "slug": "orit-struk"}}, {"pk": "60", "model": "core.person", "fields": {"party": "3", "name": "\u05d9\u05d5\u05e0\u05d9 \u05e9\u05d8\u05d1\u05d5\u05df", "slug": "yoni-chetboun"}}, {"pk": "61", "model": "core.person", "fields": {"party": "3", "name": "\u05e9\u05d5\u05dc\u05d9 \u05de\u05d5\u05e2\u05dc\u05dd-\u05e8\u05e4\u05d0\u05dc\u05d9", "slug": "shuli-mualem-rafaeli"}}, {"pk": "62", "model": "core.person", "fields": {"party": "3", "name": "\u05d6\u05d1\u05d5\u05dc\u05d5\u05df \u05db\u05dc\u05e4\u05d4", "slug": "zvulun-kalfa"}}, {"pk": "63", "model": "core.person", "fields": {"party": "4", "name": "\u05e6\u05d9\u05e4\u05d9 \u05dc\u05d1\u05e0\u05d9", "slug": "tsipi-livni"}}, {"pk": "64", "model": "core.person", "fields": {"party": "4", "name": "\u05e2\u05de\u05e8\u05dd \u05de\u05e6\u05e0\u05e2", "slug": "amram-mitzna"}}, {"pk": "65", "model": "core.person", "fields": {"party": "4", "name": "\u05e2\u05de\u05d9\u05e8 \u05e4\u05e8\u05e5", "slug": "amir-perez"}}, {"pk": "66", "model": "core.person", "fields": {"party": "4", "name": "\u05d0\u05dc\u05e2\u05d6\u05e8 \u05e9\u05d8\u05e8\u05df", "slug": "elazar-stern"}}, {"pk": "67", "model": "core.person", "fields": {"party": "4", "name": "\u05de\u05d0\u05d9\u05e8 \u05e9\u05d8\u05e8\u05d9\u05ea", "slug": "meir-shitrit"}}, {"pk": "68", "model": "core.person", "fields": {"party": "4", "name": "\u05d3\u05d5\u05d3 \u05e6\u05d5\u05e8", "slug": "david-tsur"}}, {"pk": "69", "model": "core.person", "fields": {"party": "5", "name": "\u05e9\u05dc\u05d9 \u05d9\u05d7\u05d9\u05de\u05d5\u05d1\u05d9\u05e5", "slug": "shelly-yachimovich"}}, {"pk": "70", "model": "core.person", "fields": {"party": "5", "name": "\u05d9\u05e6\u05d7\u05e7 (\u05d1\u05d5\u05d6'\u05d9) \u05d4\u05e8\u05e6\u05d5\u05d2", "slug": "itshak-hertzog"}}, {"pk": "71", "model": "core.person", "fields": {"party": "5", "name": "\u05d0\u05d9\u05ea\u05df \u05db\u05d1\u05dc", "slug": "eitan-cabel"}}, {"pk": "72", "model": "core.person", "fields": {"party": "5", "name": "\u05de\u05e8\u05d1 \u05de\u05d9\u05db\u05d0\u05dc\u05d9", "slug": "merav-michaeli"}}, {"pk": "73", "model": "core.person", "fields": {"party": "5", "name": "\u05d1\u05e0\u05d9\u05de\u05d9\u05df (\u05e4\u05d5\u05d0\u05d3) \u05d1\u05df-\u05d0\u05dc\u05d9\u05e2\u05d6\u05e8", "slug": "binyamin-ben-eliezer"}}, {"pk": "74", "model": "core.person", "fields": {"party": "5", "name": "\u05d7\u05d9\u05dc\u05d9\u05e7 \u05d1\u05e8", "slug": "hilik-bar"}}, {"pk": "75", "model": "core.person", "fields": {"party": "5", "name": "\u05e2\u05de\u05e8 \u05d1\u05e8-\u05dc\u05d1", "slug": "omer-bar-lev"}}, {"pk": "76", "model": "core.person", "fields": {"party": "5", "name": "\u05e1\u05ea\u05d9\u05d5 \u05e9\u05e4\u05d9\u05e8", "slug": "stav-shaffir"}}, {"pk": "77", "model": "core.person", "fields": {"party": "5", "name": "\u05d0\u05d1\u05d9\u05e9\u05d9 \u05d1\u05e8\u05d5\u05d5\u05e8\u05de\u05df", "slug": "avishay-braverman"}}, {"pk": "78", "model": "core.person", "fields": {"party": "5", "name": "\u05d0\u05e8\u05d0\u05dc \u05de\u05e8\u05d2\u05dc\u05d9\u05ea", "slug": "erel-margalit"}}, {"pk": "79", "model": "core.person", "fields": {"party": "5", "name": "\u05d0\u05d9\u05e6\u05d9\u05e7 \u05e9\u05de\u05d5\u05dc\u05d9", "slug": "itsik-shmoli"}}, {"pk": "80", "model": "core.person", "fields": {"party": "5", "name": "\u05de\u05d9\u05e7\u05d9 \u05e8\u05d5\u05d6\u05e0\u05d8\u05dc", "slug": "miki-rossental"}}, {"pk": "81", "model": "core.person", "fields": {"party": "5", "name": "\u05de\u05d9\u05db\u05dc \u05d1\u05d9\u05e8\u05df", "slug": "michal-biran"}}, {"pk": "82", "model": "core.person", "fields": {"party": "5", "name": "\u05e0\u05d7\u05de\u05df \u05e9\u05d9", "slug": "nahman-shai"}}, {"pk": "83", "model": "core.person", "fields": {"party": "5", "name": "\u05de\u05e9\u05d4 \u05de\u05d6\u05e8\u05d7\u05d9", "slug": "moshe-mizrahi"}}, {"pk": "84", "model": "core.person", "fields": {"party": "6", "name": "\u05d0\u05dc\u05d9\u05d4\u05d5 (\u05d0\u05dc\u05d9) \u05d9\u05e9\u05d9", "slug": "eli-ishai"}}, {"pk": "85", "model": "core.person", "fields": {"party": "6", "name": "\u05d0\u05e8\u05d9\u05d4 \u05d3\u05e8\u05e2\u05d9", "slug": "aryeh-derei"}}, {"pk": "86", "model": "core.person", "fields": {"party": "6", "name": "\u05d0\u05e8\u05d9\u05d0\u05dc \u05d0\u05d8\u05d9\u05d0\u05e1", "slug": "ariel-atias"}}, {"pk": "87", "model": "core.person", "fields": {"party": "6", "name": "\u05d9\u05e6\u05d7\u05e7 \u05db\u05d4\u05df", "slug": "itshak-cohen"}}, {"pk": "88", "model": "core.person", "fields": {"party": "6", "name": "\u05de\u05e9\u05d5\u05dc\u05dd \u05e0\u05d4\u05e8\u05d9", "slug": "meshulam-nehari"}}, {"pk": "89", "model": "core.person", "fields": {"party": "6", "name": "\u05d0\u05de\u05e0\u05d5\u05df \u05db\u05d4\u05df", "slug": "amnon-cohen"}}, {"pk": "90", "model": "core.person", "fields": {"party": "6", "name": "\u05d9\u05e2\u05e7\u05d1 \u05de\u05e8\u05d2\u05d9", "slug": "yaacov-margi"}}, {"pk": "91", "model": "core.person", "fields": {"party": "6", "name": "\u05d3\u05d5\u05d3 \u05d0\u05d6\u05d5\u05dc\u05d0\u05d9", "slug": "david-azulay"}}, {"pk": "92", "model": "core.person", "fields": {"party": "6", "name": "\u05d9\u05e6\u05d7\u05e7 \u05d5\u05e7\u05e0\u05d9\u05df", "slug": "itshak-vaknin"}}, {"pk": "93", "model": "core.person", "fields": {"party": "6", "name": "\u05e0\u05e1\u05d9\u05dd \u05d6\u05d0\u05d1", "slug": "nissim-zeev"}}, {"pk": "94", "model": "core.person", "fields": {"party": "6", "name": "\u05d0\u05d1\u05e8\u05d4\u05dd \u05de\u05d9\u05db\u05d0\u05dc\u05d9", "slug": "avraham-michaeli"}}, {"pk": "95", "model": "core.person", "fields": {"party": "7", "name": "\u05d9\u05e2\u05e7\u05d1 \u05dc\u05d9\u05e6\u05de\u05df", "slug": "yaacov-litzman"}}, {"pk": "96", "model": "core.person", "fields": {"party": "7", "name": "\u05de\u05e9\u05d4 \u05d2\u05e4\u05e0\u05d9", "slug": "moshe-gafni"}}, {"pk": "97", "model": "core.person", "fields": {"party": "7", "name": "\u05de\u05d0\u05d9\u05e8 \u05e4\u05e8\u05d5\u05e9", "slug": "meir-prosh"}}, {"pk": "98", "model": "core.person", "fields": {"party": "7", "name": "\u05d0\u05d5\u05e8\u05d9 \u05de\u05e7\u05dc\u05d1", "slug": "uri-makelb"}}, {"pk": "99", "model": "core.person", "fields": {"party": "7", "name": "\u05de\u05e0\u05d7\u05dd \u05d0\u05dc\u05d9\u05e2\u05d6\u05e8 \u05de\u05d5\u05d6\u05e1", "slug": "menahem-moses"}}, {"pk": "100", "model": "core.person", "fields": {"party": "7", "name": "\u05d9\u05e9\u05e8\u05d0\u05dc \u05d0\u05d9\u05d9\u05db\u05dc\u05e8", "slug": "israel-eichler"}}, {"pk": "101", "model": "core.person", "fields": {"party": "7", "name": "\u05d9\u05e2\u05e7\u05d1 \u05d0\u05e9\u05e8", "slug": "yaacov-asher"}}, {"pk": "102", "model": "core.person", "fields": {"party": "8", "name": "\u05d6\u05d4\u05d1\u05d4 \u05d2\u05dc\u05d0\u05d5\u05df", "slug": "zehava-galon"}}, {"pk": "103", "model": "core.person", "fields": {"party": "8", "name": "\u05d0\u05d9\u05dc\u05df \u05d2\u05d9\u05dc\u05d0\u05d5\u05df", "slug": "illan-gillon"}}, {"pk": "104", "model": "core.person", "fields": {"party": "8", "name": "\u05e0\u05d9\u05e6\u05df \u05d4\u05d5\u05e8\u05d5\u05d1\u05d9\u05e5", "slug": "nitzan-horovitz"}}, {"pk": "105", "model": "core.person", "fields": {"party": "8", "name": "\u05de\u05d9\u05db\u05dc \u05e8\u05d5\u05d6\u05d9\u05df", "slug": "michal-rosin"}}, {"pk": "106", "model": "core.person", "fields": {"party": "8", "name": "\u05e2\u05d9\u05e1\u05d0\u05d5\u05d5\u05d9 \u05e4\u05e8\u05d9\u05d2'", "slug": "esawi-freige"}}, {"pk": "107", "model": "core.person", "fields": {"party": "8", "name": "\u05ea\u05de\u05e8 \u05d6\u05e0\u05d3\u05d1\u05e8\u05d2", "slug": "tamar-zandberg"}}, {"pk": "108", "model": "core.person", "fields": {"party": "9", "name": "\u05de\u05d5\u05d7\u05de\u05d3 \u05d1\u05e8\u05db\u05d4", "slug": "mohammed-baraka"}}, {"pk": "109", "model": "core.person", "fields": {"party": "9", "name": "\u05d7\u05e0\u05d0 \u05e1\u05d5\u05d9\u05d9\u05d3", "slug": "hana-sweid"}}, {"pk": "110", "model": "core.person", "fields": {"party": "9", "name": "\u05d3\u05d1 \u05d7\u05e0\u05d9\u05df", "slug": "dov-hanin"}}, {"pk": "111", "model": "core.person", "fields": {"party": "9", "name": "\u05e2\u05e4\u05d5 \u05d0\u05d2\u05d1\u05d0\u05e8\u05d9\u05d4", "slug": "afo-agbaria"}}, {"pk": "112", "model": "core.person", "fields": {"party": "10", "name": "\u05d0\u05d1\u05e8\u05d4\u05d9\u05dd \u05e6\u05e8\u05e6\u05d5\u05e8", "slug": "ibrahim-zarzur"}}, {"pk": "113", "model": "core.person", "fields": {"party": "10", "name": "\u05d0\u05d7\u05de\u05d3 \u05d8\u05d9\u05d1\u05d9", "slug": "ahmed-tibi"}}, {"pk": "114", "model": "core.person", "fields": {"party": "10", "name": "\u05de\u05e1\u05e2\u05d5\u05d3 \u05d2\u05e0\u05d0\u05d9\u05dd", "slug": "masoud-gnaim"}}, {"pk": "115", "model": "core.person", "fields": {"party": "10", "name": "\u05d8\u05dc\u05d1 \u05d0\u05d1\u05d5-\u05e2\u05e8\u05d0\u05e8", "slug": "taleb-abu-arar"}}, {"pk": "116", "model": "core.person", "fields": {"party": "11", "name": "\u05d2'\u05de\u05d0\u05dc \u05d6\u05d7\u05d0\u05dc\u05e7\u05d4", "slug": "jmal-zhalke"}}, {"pk": "117", "model": "core.person", "fields": {"party": "11", "name": "\u05d7\u05e0\u05d9\u05df \u05d6\u05d5\u05e2\u05d1\u05d9", "slug": "hanin-zoabi"}}, {"pk": "118", "model": "core.person", "fields": {"party": "11", "name": "\u05d1\u05d0\u05e1\u05dc \u05d2\u05d8\u05d0\u05e1", "slug": "basel-ghattas"}}, {"pk": "119", "model": "core.person", "fields": {"party": "12", "name": "\u05e9\u05d0\u05d5\u05dc \u05de\u05d5\u05e4\u05d6", "slug": "shaul-mofaz"}}, {"pk": "120", "model": "core.person", "fields": {"party": "12", "name": "\u05d9\u05e9\u05e8\u05d0\u05dc \u05d7\u05e1\u05d5\u05df", "slug": "israel-hasson"}}, {"pk": "1", "model": "core.facebook_feed", "fields": {"person": "68", "vendor_id": "423544607732681"}}, {"pk": "2", "model": "core.facebook_feed", "fields": {"person": "55", "vendor_id": "237683826350051"}}, {"pk": "3", "model": "core.facebook_feed", "fields": {"person": "3", "vendor_id": "34775063966"}}, {"pk": "4", "model": "core.facebook_feed", "fields": {"person": "63", "vendor_id": "37665519437"}}, {"pk": "5", "model": "core.facebook_feed", "fields": {"person": "9", "vendor_id": "112791015410812"}}, {"pk": "6", "model": "core.facebook_feed", "fields": {"person": "21", "vendor_id": "118410851589072"}}, {"pk": "7", "model": "core.facebook_feed", "fields": {"person": "8", "vendor_id": "335399036546914"}}, {"pk": "8", "model": "core.facebook_feed", "fields": {"person": "23", "vendor_id": "230709873674802"}}, {"pk": "9", "model": "core.facebook_feed", "fields": {"person": "11", "vendor_id": "128211737213526"}}, {"pk": "10", "model": "core.facebook_feed", "fields": {"person": "72", "vendor_id": "213793465311034"}}, {"pk": "11", "model": "core.facebook_feed", "fields": {"person": "106", "vendor_id": "285742004879697"}}, {"pk": "12", "model": "core.facebook_feed", "fields": {"person": "70", "vendor_id": "161648040544835"}}, {"pk": "13", "model": "core.facebook_feed", "fields": {"person": "40", "vendor_id": "294986783934161"}}, {"pk": "14", "model": "core.facebook_feed", "fields": {"person": "32", "vendor_id": "107836625941364"}}, {"pk": "15", "model": "core.facebook_feed", "fields": {"person": "29", "vendor_id": "310448006908"}}, {"pk": "16", "model": "core.facebook_feed", "fields": {"person": "46", "vendor_id": "616484361701607"}}, {"pk": "17", "model": "core.facebook_feed", "fields": {"person": "110", "vendor_id": "295104730523499"}}, {"pk": "18", "model": "core.facebook_feed", "fields": {"person": "26", "vendor_id": "297207456997968"}}, {"pk": "19", "model": "core.facebook_feed", "fields": {"person": "41", "vendor_id": "457794627605948"}}, {"pk": "20", "model": "core.facebook_feed", "fields": {"person": "51", "vendor_id": "396697410351933"}}, {"pk": "21", "model": "core.facebook_feed", "fields": {"person": "30", "vendor_id": "142479632494944"}}, {"pk": "22", "model": "core.facebook_feed", "fields": {"person": "102", "vendor_id": "115028251920872"}}, {"pk": "23", "model": "core.facebook_feed", "fields": {"person": "36", "vendor_id": "129931940492158"}}, {"pk": "24", "model": "core.facebook_feed", "fields": {"person": "104", "vendor_id": "66398526339"}}, {"pk": "25", "model": "core.facebook_feed", "fields": {"person": "39", "vendor_id": "371426819606751"}}, {"pk": "26", "model": "core.facebook_feed", "fields": {"person": "71", "vendor_id": "174411199282819"}}, {"pk": "27", "model": "core.facebook_feed", "fields": {"person": "45", "vendor_id": "336333819807014"}}, {"pk": "28", "model": "core.facebook_feed", "fields": {"person": "35", "vendor_id": "432953930099972"}}, {"pk": "29", "model": "core.facebook_feed", "fields": {"person": "16", "vendor_id": "612784452070209"}}, {"pk": "30", "model": "core.facebook_feed", "fields": {"person": "1", "vendor_id": "268108602075"}}, {"pk": "31", "model": "core.facebook_feed", "fields": {"person": "38", "vendor_id": "402936269773132"}}, {"pk": "32", "model": "core.facebook_feed", "fields": {"person": "6", "vendor_id": "102997256411052"}}, {"pk": "33", "model": "core.facebook_feed", "fields": {"person": "83", "vendor_id": "256097767800645"}}, {"pk": "34", "model": "core.facebook_feed", "fields": {"person": "60", "vendor_id": "318718848205174"}}, {"pk": "35", "model": "core.facebook_feed", "fields": {"person": "103", "vendor_id": "302282753147898"}}, {"pk": "36", "model": "core.facebook_feed", "fields": {"person": "47", "vendor_id": "270537533068364"}}, {"pk": "37", "model": "core.facebook_feed", "fields": {"person": "66", "vendor_id": "408819395854150"}}, {"pk": "38", "model": "core.facebook_feed", "fields": {"person": "4", "vendor_id": "212884635505254"}}, {"pk": "39", "model": "core.facebook_feed", "fields": {"person": "48", "vendor_id": "429433447128257"}}, {"pk": "40", "model": "core.facebook_feed", "fields": {"person": "65", "vendor_id": "154570404606299"}}, {"pk": "41", "model": "core.facebook_feed", "fields": {"person": "33", "vendor_id": "281431865311442"}}, {"pk": "42", "model": "core.facebook_feed", "fields": {"person": "42", "vendor_id": "369855119713388"}}, {"pk": "43", "model": "core.facebook_feed", "fields": {"person": "78", "vendor_id": "167657276622943"}}, {"pk": "44", "model": "core.facebook_feed", "fields": {"person": "113", "vendor_id": "128834187134576"}}, {"pk": "45", "model": "core.facebook_feed", "fields": {"person": "81", "vendor_id": "386001744772337"}}, {"pk": "46", "model": "core.facebook_feed", "fields": {"person": "80", "vendor_id": "520086018021432"}}, {"pk": "47", "model": "core.facebook_feed", "fields": {"person": "15", "vendor_id": "123439757700947"}}, {"pk": "48", "model": "core.facebook_feed", "fields": {"person": "18", "vendor_id": "371855757456"}}, {"pk": "49", "model": "core.facebook_feed", "fields": {"person": "75", "vendor_id": "156632191145120"}}, {"pk": "50", "model": "core.facebook_feed", "fields": {"person": "5", "vendor_id": "207139259326193"}}, {"pk": "51", "model": "core.facebook_feed", "fields": {"person": "69", "vendor_id": "162319074217"}}, {"pk": "52", "model": "core.facebook_feed", "fields": {"person": "2", "vendor_id": "178433145502975"}}, {"pk": "53", "model": "core.facebook_feed", "fields": {"person": "85", "vendor_id": "433095953410548"}}, {"pk": "54", "model": "core.facebook_feed", "fields": {"person": "119", "vendor_id": "201172239926506"}}, {"pk": "55", "model": "core.facebook_feed", "fields": {"person": "118", "vendor_id": "454865187905717"}}, {"pk": "56", "model": "core.facebook_feed", "fields": {"person": "49", "vendor_id": "507647555954176"}}, {"pk": "57", "model": "core.facebook_feed", "fields": {"person": "77", "vendor_id": "212853068767680"}}, {"pk": "58", "model": "core.facebook_feed", "fields": {"person": "52", "vendor_id": "394242203948130"}}, {"pk": "59", "model": "core.facebook_feed", "fields": {"person": "34", "vendor_id": "503855396298871"}}, {"pk": "60", "model": "core.facebook_feed", "fields": {"person": "79", "vendor_id": "404314496289809"}}, {"pk": "61", "model": "core.facebook_feed", "fields": {"person": "82", "vendor_id": "291524437542463"}}, {"pk": "62", "model": "core.facebook_feed", "fields": {"person": "37", "vendor_id": "408265492578926"}}, {"pk": "63", "model": "core.facebook_feed", "fields": {"person": "86", "vendor_id": "270198837993"}}, {"pk": "64", "model": "core.facebook_feed", "fields": {"person": "117", "vendor_id": "127130297401833"}}, {"pk": "65", "model": "core.facebook_feed", "fields": {"person": "47", "vendor_id": "100004832803978"}}, {"pk": "66", "model": "core.facebook_feed", "fields": {"person": "19", "vendor_id": "100000237185239"}}, {"pk": "67", "model": "core.facebook_feed", "fields": {"person": "118", "vendor_id": "720627860"}}, {"pk": "68", "model": "core.facebook_feed", "fields": {"person": "76", "vendor_id": "508516607"}}, {"pk": "69", "model": "core.facebook_feed", "fields": {"person": "74", "vendor_id": "574847197"}}, {"pk": "70", "model": "core.facebook_feed", "fields": {"person": "120", "vendor_id": "781279420"}}, {"pk": "1", "model": "core.tag", "fields": {"description": "", "name": "\u05d1\u05d8\u05d7\u05d5\u05df", "statuses": "", "slug": "security"}}, {"pk": "2", "model": "core.tag", "fields": {"description": "", "name": "\u05d7\u05d5\u05e5", "statuses": "", "slug": "foreign-affairs"}}, {"pk": "3", "model": "core.tag", "fields": {"description": "", "name": "\u05db\u05dc\u05db\u05dc\u05d4", "statuses": "", "slug": "economy"}}, {"pk": "4", "model": "core.tag", "fields": {"description": "", "name": "\u05d1\u05e8\u05d9\u05d0\u05d5\u05ea", "statuses": "", "slug": "health"}}, {"pk": "5", "model": "core.tag", "fields": {"description": "", "name": "\u05e1\u05d1\u05d9\u05d1\u05d4", "statuses": "", "slug": "environment"}}, {"pk": "6", "model": "core.tag", "fields": {"description": "", "name": "\u05e8\u05d5\u05d5\u05d7\u05d4", "statuses": "", "slug": "welfare"}}, {"pk": "7", "model": "core.tag", "fields": {"description": "", "name": "\u05e1\u05e4\u05d5\u05e8\u05d8", "statuses": "", "slug": "sports"}}, {"pk": "8", "model": "core.tag", "fields": {"description": "", "name": "\u05d0\u05d9\u05e9\u05d9", "statuses": "", "slug": "personal"}}, {"pk": "9", "model": "core.tag", "fields": {"description": "", "name": "\u05ea\u05e8\u05d1\u05d5\u05ea", "statuses": "", "slug": "culture"}}, {"pk": "10", "model": "core.tag", "fields": {"description": "", "name": "\u05de\u05d3\u05e2", "statuses": "", "slug": "science"}}, {"pk": "11", "model": "core.tag", "fields": {"description": "", "name": "\u05d4\u05e1\u05e4\u05d3", "statuses": "", "slug": "obituary"}}]